product_id	product_sku	product_name	product_status	unique_images	featured_images	gallery_images	parented_attachments	content_images	image_paths
5940	EJE-BA-08-00	Private: Ejercitador Eliptica Balance	private	2	1	0	2	0	2020/12/aparato-ejercicio-eliptica-individual.jpg | 2020/12/productos_jumbo_ejercitador_eliptica_balance.png
5996	EJE-BA-11-00	Private: Ejercitador De Pecho Balance	private	1	1	0	1	0	2020/12/productos_jumbo_ejercitador_de-pecho_balance.png
6034	EJE-BA-06-00	Private: Ejercitador Potro Balance	private	1	1	0	1	0	2020/12/productos_jumbo_ejercitador_potro_balance.png
6037	EJE-BA-12-00	Private: Ejercitador Remadora Balance	private	1	1	0	1	0	2020/12/productos_jumbo_ejercitador_remadora_balance.png
6041	EJE-BA-07-00	Private: Ejercitador Caminadora Balance	private	2	1	1	1	0	2020/12/productos_jumbo_ejercitador_caminadora_balance.png | 2021/06/balance.png
6045	EJE-BA-15-00	Private: Ejercitador Bicicleta Balance	private	1	1	0	1	0	2020/12/productos_jubmo_ejercitador_bicicleta_balance.png
6047	EJE-BA-01-00	Private: Ejercitador Abdominales Balance	private	3	1	0	3	0	2020/12/AEF-0212-3-Abdominal-Individual-gris.png | 2020/12/ejercitador-para-abdominales-basico-en-parques-productos-jumbo.png | 2020/12/productos_jumbo_ejercitador_abdominal_equilibrio.png
6082	EOS-PR-01-02	Juego Verona (EOS-PR-01-02)	publish	2	1	0	1	0	2020/12/modulo-verona-productos-jumbo.jpg | 2026/07/EOS-PR-01-02.png
6088	IOS-PR-01-00	Juego Ibiza (IOS-PR-01-00)	draft	3	1	0	3	0	2020/12/juego-de-exterior-en-parques.jpg | 2020/12/modulo-ibiza-OS-PR-01-00.jpg | 2020/12/modulo-ibiza-juego-infantil-productos-jumbo.jpg
6101	EOS-PR-06-00	Private: Juego Gordon (EOS-PR-06-00)	private	2	1	0	2	0	2020/12/modulo-gordon-EOS-PR-06-00.jpg | 2020/12/modulo-gordon-juego-infantil-productos-jumbo.jpg
6113	MEC-CR-05-00	Juego SIENA	publish	7	1	2	4	0	2020/12/juego-siena-para-parques-resbaladillas.jpg | 2020/12/juego-siena-para-parques-subida.jpg | 2020/12/modulo-siena-EOS-PR-05-00.jpg | 2020/12/modulo-siena-juego-infantil-productos-jumbo.jpg | 2026/07/Juego-Siena-EOS-PR-05-00-im.avif | 2026/07/Juego-Siena-EOS-PR-05-00-top.avif | 2026/07/Juego-Siena-EOS-PR-05-00.avif
6115	IOS-PR-02-00	Private: Juego New Jersey (IOS-115 7.0)	private	4	1	2	4	0	2020/12/IOS-PR-02-02-New-Jersey.webp | 2020/12/columpios-para-fraccionamientos.jpg | 2020/12/juego-para-fraccionamientos-new-jersey.jpg | 2020/12/modulo-new-jersey-juego-infantil.png
6154	TDF-CR-05-01	Private: Juego Valladolid	private	3	1	1	3	0	2020/12/Modulo-Valladolid-TDF-CR-05-02-V2-700-px-x-500.webp | 2020/12/juego-con-columpios-y-pasamanos-valladolidv1.jpg | 2020/12/modulo-valladolid-v1-juego-para-parques.png
6156	EJE-FO-10-00	EJERCITADOR BRAZOS FORTE	publish	2	1	1	2	0	2020/12/AED-003.png | 2020/12/ejercitador-forte-de-brazos-exterior.jpg
6181	EJE-FO-05-00	EJERCITADOR SURFER FORTE	publish	2	1	1	2	0	2020/12/aparato-de-ejercicio-surfer-forte-1.jpg | 2020/12/aparato-surfer-para-exteriores-forte.jpg
6185	EJE-FO-09-00	EJERCITADOR DE PIERNAS FORTE	publish	2	1	1	2	0	2020/12/AED-002.png | 2020/12/aparato-gimnasio-forte-piernas.jpg
6187	EJE-FO-11-00	EJERCITADOR PECHO FORTE	publish	2	1	1	2	0	2020/12/AED-004.png | 2020/12/ejercitador-forte-exterior-para-pecho.jpg
6190	EJE-FO-08-00	EJERCITADOR ELIPTICA FORTE	publish	1	1	0	1	0	2020/12/AED-005-Eliptica.png
6192	EJE-FO-07-00	EJERCITADOR CAMINADORA FORTE	publish	4	1	1	3	0	2020/12/AED-006-CAMINADORAA-Temp0001.png | 2020/12/ejercitador-forte-caminadora-de-exterior.jpg | 2026/03/EJE-FO-07-00-EJERCITADOR-CAMINADORA-FORTE.avif | 2026/04/EJE-FO-07-00-EJERCITADOR-CAMINADORA-FORTE.avif
6194	EJE-FO-03-00	EJERCITADOR MOVIMIENTO DE CINTURA FORTE	publish	2	1	1	2	0	2020/12/AED-010-CINTURA.png | 2020/12/ejercitador-forte-de-exterior-cintura.jpg
6197	EJE-FO-04-00	EJERCITADOR BRAZOS Y MUÑECAS FORTE	publish	2	1	1	2	0	2020/12/AED-011.png | 2020/12/ejercitador-brazos-munecas-forte.jpg
6199	EJE-FO-06-00	EJERCITADOR POTRO FORTE	publish	2	1	1	2	0	2020/12/aparato-de-ejercicio-potro-forte.jpg | 2020/12/ejercitador-de-exterior-pecho.hombro-espalda.jpg
6201	EJE-FO-02-00	EJERCITADOR BARRAS PARALELAS FORTE	publish	2	1	1	2	0	2020/12/AED-016.png | 2020/12/ejercitador-para-hombro-brazo-forte.jpg
6203	EJE-FO-01-00	EJERCITADOR ABDOMINALES FORTE	publish	1	1	0	1	0	2020/12/aparato-para-abdominales-forte.jpg
6205	BOT-LP-07-00	BOTE TOKYO	publish	1	1	0	1	0	2020/12/Bote-Tokio-BB-110.png
6207	BOT-00-01-00	BOTE CENTRO HISTORICO	publish	2	1	0	2	0	2020/12/MUO-113.png | 2020/12/bote-de-basura-Centro-Historico-BAL-172A-2.jpg
6210	BOT-LP-03-00	BOTE GRIJALVA	publish	1	1	0	1	0	2020/12/BOTE-GRIJALVA-JUMBO.jpg
6218	BOT-00-03-00	BOTE MOSCOVA	publish	2	1	0	2	0	2020/12/Bote-Moscova-MUO-317.png | 2026/03/BOT-00-03-00-BOTE-MOSCOVA.avif
6220	EJE-ID-03-00	EJERCITADOR BARRAS PARALELAS CURVAS	publish	1	1	0	1	0	2020/12/BAR-1.png
6230	BOT-LP-02-00	BOTE OKA	publish	1	1	0	1	0	2020/12/MUO-117-01.png
6233	EJE-ID-07-00	EJERCITADOR BARRAS	publish	1	1	0	1	0	2020/12/BAR-3.png
6236	BOT-00-02-00	BOTE KUMA	publish	1	1	0	1	0	2020/12/Bote-Kuma-MUO-717.png
6243	BOT-LP-03-01	BOTE GRIJALVA DOBLE	publish	1	1	0	1	0	2020/12/Bote-grijalva-doble.jpg
6247	BOT-LP-05-00	BOTE ZAIRE	publish	1	1	0	1	0	2020/12/Bote-Zaire-MUO-1112.jpg
6251	BOT-LP-04-00	BOTE RIN	publish	2	1	0	2	0	2020/12/bote-rin-sencillo-productos-jumbo.jpg | 2026/03/BOT-LP-04-00-BOTE-RIN.avif
6254	EJE-ID-11-00	EJERCITADOR AROS LARGO Y 2 POSTES	publish	2	1	0	2	0	2020/12/AID-218.png | 2020/12/EJE-ID-11-00.png
6255	BOT-LP-04-01	BOTE RIN DOBLE	publish	2	1	0	2	0	2020/12/MUO-518-1.png | 2020/12/MUO-518-2.png
6256	BOT-LP-04-02	BOTE RIN TRIPLE	publish	2	1	1	2	0	2020/12/MUO-518-3.png | 2020/12/bote-de-basura-triple-jumbo.jpg
6260	BOT-LP-01-00	BOTE PARANA	publish	3	1	0	3	0	2020/12/Bote-Parana-BOT-LP-01-00.webp | 2020/12/bote-de-basura-parana-productos-jumbo-1.jpg | 2020/12/bote-de-basura-parana-productos-jumbo.jpg
6264	BOT-LP-05-01	BOTE MISISIPI	publish	1	1	0	1	0	2020/12/MUO-1612.png
6267	BOT-00-05-00	BOTE CUADRADO	publish	1	1	0	1	0	2020/12/MUO-519.png
6271	BOT-PM-01-00	BOTE CIRCULAR	publish	2	1	0	1	1	2020/12/Bote-Circular-con-Plastimadera-MUO-419.jpg | 2021/01/Eco-Jumbo-2022-logo-300x292.png
6278	BOT-PL-01-00	BOTE ONON	publish	1	1	0	1	0	2020/12/MUO-517.png
6283	BAN-00-09-00	BANCA HIMALAYA	publish	1	1	0	1	0	2020/12/banca-himalaya-productos-jumbo.jpg
6285	EJE-EST-02-00	Ejercitador Pasamanos Y 6 Postes	publish	2	1	0	2	0	2020/12/AID-818.png | 2026/03/EJE-EST-02-00-EJERCITADOR-PASAMANOS-Y-6-POSTES.avif
6288	BAN-LP-07-00	BANCA EVEREST	publish	1	1	0	1	0	2020/12/BF-112.png
6293	BAN-PP-01-00	BANCA PMP PLASTIMADERA	publish	3	1	0	2	1	2020/12/BF-165.png | 2020/12/ban-pp-01-00-scaled.png | 2021/01/Eco-Jumbo-2022-logo-300x292.png
6299	BAN-PM-04-00	BANCA TÁCANA	publish	4	1	1	3	1	2020/12/MUA-116-2.png | 2020/12/MUA-116.png | 2020/12/banca-tacana-plastimadera-exterior.jpg | 2021/01/Eco-Jumbo-2022-logo-300x292.png
6312	BAN-LP-06-00	BANCA CIRCULAR	publish	1	1	0	1	0	2020/12/MUA-519.png
6318	BAN-00-01-00	BANCA LOA LAMINA	publish	2	1	0	2	0	2020/12/Banca-Loa-Lamina-MUA-517A.jpg | 2020/12/MUA-619.png
6324	BAN-PP-08-00	BANCA LOA PLASTIMADERA	publish	4	1	2	3	1	2020/12/MUA-517B.png | 2020/12/banca-loa-de-plastimadera.jpg | 2020/12/banca-loa-plastimadera-atras.jpg | 2021/01/Eco-Jumbo-2022-logo-300x292.png
6330	BAN-LP-04-00	BANCA AKIER	publish	2	1	0	2	0	2020/12/Banca-Akier-BAN-LP-04-00-500px-x-500-px.jpg | 2020/12/MUA-1013.png
6335	BAN-LP-03-00	BANCA PALERMO	publish	1	1	0	1	0	2020/12/Banca-Palermo-MUA-1212.jpg
6341	BAN-IN-01-00	BANCA LOGAN INCLUSIVA	publish	2	1	0	1	1	2020/12/MUA-1015-DC.png | 2021/01/Eco-Jumbo-2022-logo-300x292.png
6345	EJE-ID-30-00	Private: Ejercitador Barras Dominadas Y 3 Postes (AID-1918)	private	1	1	0	1	0	2020/12/AID-1918.png
6346	BAN-00-07-00	BANCA ALPES	publish	2	1	1	2	0	2020/12/MUA-512.png | 2020/12/banca-alpes-para-parques.jpg
6350	BAN-00-05-00	BANCA PISSIS	publish	2	1	0	2	0	2020/12/MUA-617-2.png | 2020/12/MUA-617-3.png
6353	EJE-ID-32-00	EJERCITADOR JUMP BOX	publish	1	1	0	1	0	2020/12/AID-2218.png
6354	BAN-PM-07-00	BANCA BARCENA	publish	3	1	1	2	1	2020/12/MUA-317.png | 2020/12/banca-barcena-con-maceta.jpg | 2021/01/Eco-Jumbo-2022-logo-300x292.png
6360	BAN-PM-05-00	BANCA PARA BOLERO	publish	2	1	0	1	1	2020/12/BBP-216.png | 2021/01/Eco-Jumbo-2022-logo-300x292.png
6361	CIR-00-02-00	CIRCUITO CALISTENIA BASICO	publish	6	1	4	5	0	2020/12/CPD-118.png | 2020/12/conjunto-basico-calistenia-jumbo-2.jpg | 2020/12/conjunto-basico-calistenia-jumbo-3.jpg | 2020/12/conjunto-basico-calistenia-jumbo-4.jpg | 2020/12/conjunto-basico-calistenia-jumbo.jpg | 2026/04/CIR-00-02-00-CIRCUITO-CALISTENIA-BASICO.avif
6364	CIR-00-03-00	CIRCUITO CALISTENIA COMPLETO	publish	2	1	0	1	0	2020/12/CPD-218.png | 2026/04/CIR-00-03-00-CIRCUITO-CALISTENIA-COMPLETO.avif
6370	MES-LP-05-00	MESA RODAS CON TECHO CIRCULAR	publish	1	1	0	1	0	2020/12/MUM-419-1.png
6374	BAN-PP-03-00	BANCA PUMORI PLASTIMADERA	publish	3	1	0	2	1	2020/12/MUA-915.png | 2020/12/mobiliario_jumbo_banca_pumori.png | 2021/01/Eco-Jumbo-2022-logo-300x292.png
6389	BAN-00-02-00	BANCA VELETA	publish	3	1	2	3	0	2020/12/banca-veleta-jumbo.jpg | 2020/12/banca-veleta-para-parques-jumbo.jpg | 2020/12/banca-veleta-productos-jumbo.jpg
6390	BAN-PP-09-00	BANCA MIKENO	publish	4	1	2	3	1	2020/12/MUA-919.png | 2020/12/banca-de-exterior-mikeno-perfil.png | 2020/12/banca-de-exterior-mikeno-perfilada.png | 2021/01/Eco-Jumbo-2022-logo-300x292.png
6392	CIR-00-04-00	CIRCUITO CROSS-FIT	publish	2	1	1	2	0	2020/12/CBE-414.png | 2020/12/circuito-de-crossfit.jpg
6400	BAN-MS-03-01	BANCA TINDAYA SIN RESPALDO	publish	2	1	0	1	1	2020/12/MUA-418.png | 2021/01/Eco-Jumbo-2022-logo-300x292.png
6401	CIR-00-06-00	CIRCUITO PARA DEPORTES	publish	1	1	0	1	0	2020/12/CPD-210-2.0.png
6405	CIR-00-07-00	CIRCUITO DE EJERCICIOS BASIC	publish	1	1	0	1	0	2020/12/CPD-113.png
6411	CIR-00-08-00	CIRCUITO DE EJERCICIOS COMPLETO	publish	1	1	0	1	0	2020/12/CPD-213.png
6414	BAN-CR-01-00	BANCA VINSONS	publish	1	1	0	1	0	2020/12/MUA-1317.png
6416	CIR-00-09-00	CIRCUITO DE EJERCICIOS	publish	2	1	0	2	0	2020/12/DCP-151.png | 2026/03/CIR-00-09-00-CIRCUITO-DE-EJERCICIOS.avif
6423	CIR-00-10-00	CIRCUITO HEXÁGONO DE EJERCICIO	publish	3	1	2	3	0	2020/12/DCP-152.png | 2020/12/conjunto-de-ejercicios-hexagono.jpg | 2020/12/conjunto-de-ejercicios-hexagono2.jpg
6425	CIR-00-11-00	CIRCUITO NINJA	publish	2	1	0	2	0	2020/12/CPD-117.png | 2026/03/CIR-00-11-00-CIRCUITO-NINJA.avif
6426	BAN-CR-02-00	BANCA DEVI	publish	1	1	0	1	0	2020/12/MUA-1517-banca-en-fibra-de-vidrio.jpg
6429	MES-PP-03-00	MESA DE PICNIC	publish	3	1	1	1	1	2020/12/mesa-picnic-plastimadera-productos-jumbo.jpg | 2021/01/Eco-Jumbo-2022-logo-300x292.png | 2021/12/mesas-para-parques.jpg
6431	MES-PM-01-00	MESA DE PICNIC PLASTIMADERA	publish	3	1	0	1	1	2020/12/MUM-112.png | 2021/01/Eco-Jumbo-2022-logo-300x292.png | 2026/04/MES-PM-01-00-MESA-DE-PICNIC-PLASTIMADERA.avif
6433	MES-LP-03-00	MESA NUPTSE	publish	1	1	0	1	0	2020/12/MUM-212.png
6435	MES-LP-02-00	MESA KENYA	publish	2	1	0	2	0	2020/12/MUM-213.png | 2020/12/Mesa-Kenia-MES-LP-02-00.webp
6436	MES-LP-02-01	MESA KENYA CON SOMBRILLA	publish	3	1	0	3	0	2020/12/MUM-213-1.png | 2020/12/Mesa-Kenia-V1-MUM-213-1.jpg | 2020/12/Mesa-Kenia-con-Sombrilla-MES-LP-02-01-500-x-700.webp
6438	MES-PM-02-00	MESA KENYA PLASTIMADERA	publish	3	1	0	2	1	2020/12/MUM-213-2.png | 2020/12/MUM-213-incorrecto.png | 2021/01/Eco-Jumbo-2022-logo-300x292.png
6441	MES-IN-01-00	MESA DE PICNIC INCLUSIVA	publish	2	1	0	1	1	2020/12/MUM-118-1.png | 2021/01/Eco-Jumbo-2022-logo-300x292.png
6443	MES-LP-06-00	MESA PICNIC JAYA	publish	1	1	0	1	0	2020/12/MUM-216.png
6445	APA-00-05-00	APARCABICICLETA ONE RECTANGULAR	publish	1	1	0	1	0	2020/12/MUB-716.png
6448	APA-00-06-00	APARCABICICLETA SIX ONDULADO	publish	1	1	0	1	0	2020/12/Aparcabicicletas-Six-Ondulado-MUB-212.jpg
6465	EJE-PE-01-00	EJERCITADOR BARRA DE PESAS	publish	1	1	0	1	0	2020/12/AEP-418.png
6467	APA-00-01-00	APARCABICICLETA ONE CURVO	publish	1	1	0	1	0	2020/12/MUB-413-Aparcabicicletas-amarillo.png
6470	EJE-PE-02-00	EJERCITADOR PECHO Y ESPALDA CON PESAS	publish	1	1	0	1	0	2020/12/AEP-318.png
6472	APA-00-03-00	APARCABICICLETA ONE SEMIONDULADO	publish	1	1	0	1	0	2020/12/MUB-118.png
6474	APA-00-07-00	APARCABICICLETA THREE TRIANGULAR	publish	1	1	0	1	0	2020/12/MUB-518.png
6482	SEÑ-00-13-00	SEÑALETICA ARBOL	publish	1	1	0	1	0	2020/12/senaletica-arbol-productos-jumbo.jpg
6484	SEÑ-00-04-00	SEÑALETICA CUBICA	publish	1	1	0	1	0	2020/12/ESI-214.png
6486	SEÑ-00-03-00	SEÑALETICA BASTON	publish	1	1	0	1	0	2020/12/ESI-217.png
6488	SEÑ-00-05-00	Señalética Bandera (ESI-312)	publish	2	1	0	2	0	2020/12/ESI-312.png | 2026/03/SEN-00-05-00-SENALETICA-BANDERA.avif
6490	SEÑ-00-06-00	SEÑALETICA VERTICAL	publish	1	1	0	1	0	2020/12/ESI-314.png
6494	COL-IN-03-00	COLUMPIO CON CAMASTRO DE PLASTIPANEL	publish	3	1	2	2	0	2020/12/columpio-inclusivo-camastros.jpg | 2020/12/columpio-inclusivo-con-hamacas-productos-jumbo.jpg | 2022/12/columpios-inclusivos-oaxaca.jpg
6506	MMA-117	Maceta Asimetrica Chica	publish	2	1	1	2	0	2020/12/MMA-117.png | 2020/12/Maceta-Asimetrica-Chica-MMA-117.jpg
6507	MMA-217	Maceta Geometrica Grande	publish	2	1	1	2	0	2020/12/MMA-217.png | 2020/12/Maceta-Geometrica-Grande-MMA-217.jpg
6509	MMA-118	Maceta Geométrica Megagrande	publish	2	1	1	2	0	2020/12/MMA-118.png | 2020/12/maceta-Megagrande-MMA-118.jpg
6513	INOX-517B	Banca Loa Inox	draft	1	1	0	1	0	2020/12/INOX-517B.png
6520	BOT-IX-02-00	BOTE GRIJALVA DOBLE CON TAPA	publish	1	1	0	1	0	2020/12/INOX-418R.png
6526	CMT-118B	Banca Tikal	publish	3	1	1	2	0	2020/12/banca-tikal-de-concreto-productos-jumbo.jpg | 2021/12/banca-de-concreto-jumbo.jpg | 2026/03/CMT-118B-BANCA-TIKAL.avif
6528	CMT-218B	Banco Angkor	publish	2	1	0	2	0	2020/12/banca-angkor-mobiliario-concreto-productos-jumbo.jpg | 2026/03/CMT-218B-BANCO-ANGKOR.avif
6531	BOL-00-01-00	BOLARDO METALICO	publish	3	1	0	3	0	2020/12/BOL-1.png | 2020/12/BOL-COM.png | 2026/03/BOL-00-01-00-BOLARDO-METALICO.avif
6536	EJE-IN-02-00	EJERCITADOR MUÑECAS DOBLE INCLUSIVO	publish	2	1	1	1	0	2020/12/AEM-0212-DC.png | 2020/12/ejercitador-brazos-munecas-cuatro.jpg
6538	BOL-00-03-00	BOLARDO TRIANGULAR	publish	1	1	0	1	0	2020/12/BOL-118.png
6540	BOL-00-02-00	BOLARDO CUADRADO	publish	1	1	0	1	0	2020/12/BOL-218.png
6543	EJE-IN-03-00	EJERCITADOR BRAZOS Y PIERNAS DOBLE INCLUSIVO	publish	1	1	0	1	0	2020/12/AEF-0515-DC.png
6546	EJE-IN-04-00	EJERCITADOR COMBINADO DE BRAZOS Y MUÑECAS INCLUSIVO	publish	1	1	0	1	0	2020/12/AEF-415-DC.png
6557	EJE-IN-07-00	EJERCITADOR DOMINADAS EN BARRA FORTE INCLUSIVO	publish	1	1	0	1	0	2020/12/AED-008-DC.png
6561	EJE-IN-08-00	EJERCITADOR BRAZOS Y MUÑECAS FORTE INCLUSIVO	publish	1	1	0	1	0	2020/12/AED-011-DC.png
6564	EJE-IN-09-00	EJERCITADOR BRAZOS, MUÑECAS Y HOMBROS INCLUSIVO	publish	1	1	0	1	0	2020/12/AEF-215-DC.png
6569	BUS-LP-01-00	PARABUS LONG	publish	1	1	0	1	0	2020/12/PB-218.png
6575	BUS-TP-02-00	PARABUS FULL	publish	1	1	0	1	0	2020/12/PB-214.png
6577	FUMR-319	Fuente lineal 4 salidas, 4 jet, 2 m altura	publish	1	1	0	1	0	2020/12/fuente-04.png
6578	FUMR-319-1	Fuente lineal 4 salidas, 4 jet 3 m altura	publish	1	1	0	1	0	2020/12/fuente-03.png
6579	FUMR-319A	Fuente lineal 4 salidas, 2 jet y 2 aspersor 2 m altura	publish	1	1	0	1	0	2020/12/fuente-02.png
6580	REH-00-02-00	RAMPA PARA REHABILITACION	publish	1	1	0	1	0	2020/12/AEM-217A-RE.png
6582	FUMR-319A-1	Fuente lineal 4 salidas, 2 jet y 2 aspersor 3 m altura	publish	1	1	0	0	0	2021/01/fuentes.png
6583	REH-00-03-00	ESCALERA PARA REHABILITACION	publish	1	1	0	1	0	2020/12/AEM-217B-RE.png
6585	REH-00-08-00	CONJUNTO DE REHABILITACIÓN A	publish	3	1	0	3	0	2020/12/AEM-117-RE.png | 2020/12/AEM-118-RE.png | 2026/03/REH-00-08-00-CONJUNTO-DE-REHABILITACION-A.avif
6589	REH-00-07-00	CONJUNTO DE REHABILITACIÓN B	publish	2	1	0	2	0	2020/12/AEM-218-RE.png | 2026/03/REH-00-07-00-CONJUNTO-DE-REHABILITACION-B.avif
6596	FUMR-419	Fuente redonda 5 salidas, 5 jet 2 m altura	publish	1	1	0	0	0	2020/12/fuente-06.png
6597	FUMR-419-1	Fuente redonda 5 salidas, 5 jet 3 m altura	publish	1	1	0	0	0	2020/12/fuente-05.png
6598	FUMR-519	Fuente redonda 7 salidas, 7 jet 2 m altura	publish	1	1	0	1	0	2020/12/fuente-07.png
6599	FUMR-519-1	Fuente redonda 7 salidas, 7 jet 3 m altura	publish	1	1	0	0	0	2021/01/acuaticos-2.png
6600	FUMR-619A	Fuente redonda 9 salidas, 8 jet y 1 aspersor 2 mts altura	publish	1	1	0	1	0	2020/12/fuente-06.png
6601	FUMR-619-1A	Fuente redonda 9 salidas, 8 jet y 1 aspersor 3 mts altura	publish	2	1	0	2	0	2020/12/fuente-01.png | 2020/12/fuente-05.png
6602	FUMR-119-C	Cascada digital	publish	1	1	0	1	0	2020/12/cascada.png
6603	FUMR-119E-C	Private: Cascada digital metro extra	private	1	1	0	0	0	2020/12/cascada.png
6604	PIL-PT-04-00	LUMIN FULGOR 2M ALTURA	publish	1	1	0	1	0	2020/12/luminaria-fulgor-PTJ-518-1.jpg
6610	PIL-PT-03-00	LUMIN ALBA 2.5M ALTURA	publish	1	1	0	1	0	2020/12/Luminaria-Alba-PTJ-618.jpg
6647	DEP-MO-02-00	11 BANCAS DE JUGADORES CON TECHUMBRE	publish	1	1	0	1	0	2020/12/MUD-112.png
6653	DEP-00-06-00	TABLERO DE BÁSQUETBOL	publish	3	1	1	2	0	2020/12/CBA-112.png | 2022/01/banner-web-cancha-multi.jpg | 2026/03/DEP-00-06-00TABLERO-DE-BASQUETBOL.avif
6661	DEP-MO-03-00	GRADAS TECHADAS 5 ASIENTOS Y 4 DESCANSA PIES	publish	2	1	1	1	0	2020/12/MUD-116.png | 2021/10/gradas.jpg
6664	DEP-00-09-00	PORTERIA FÚTBOL RAPIDO	publish	3	1	0	3	0	2020/12/MUD-216.png | 2020/12/PFR-117-1.png | 2020/12/PFR-119.png
6665	EOS-PR-08-00	Juego California (EOS-PR-08-00)	draft	2	1	0	2	0	2020/12/modulo-california-EOS-PR-08-00.jpg | 2020/12/modulo-california-juego-infantil-productos-jumbo.jpg
6674	VL-119	Private: Velaria Twist Malla Sombra 9.2 X 9.2 M	private	1	0	0	0	1	2020/12/colores-velarias.jpg
6676	EOS-PR-10-00	Juego Paris (EOS-PR-10-01)	publish	1	1	0	1	0	2020/12/modulo-paris-juego-infantil.png
6683	DEP-00-12-00	CANCHA CIRCULAR DE FUTBOL RAPIDO	publish	1	1	0	1	0	2020/12/CF6-119.png
6686	DEP-00-10-00	PORTERIA DE FÚTBOL PROFESIONAL	publish	1	1	0	1	0	2020/12/MUD-312.png
6689	DEP-MO-05-00	MESA DE AJEDREZ	publish	2	1	0	2	0	2020/12/MUM-513.png | 2026/03/DEP-MO-05-00-MESA-DE-AJEDREZ.avif
6691	VL-219	Private: Velaria Conica Malla Sombra 4 Puntos 9.2 X 9.2 M	private	2	1	0	0	1	2020/12/VL-219-PNG0039.png | 2020/12/colores-velarias.jpg
6693	VL-319	Private: Sombrilla Malla Sombra 4 Puntos 3 X 3 M	private	2	1	0	1	1	2020/12/VL-319-PNG0040.png | 2020/12/colores-velarias.jpg
6697	VL-119-1	Private: Velaria Twist Malla Sombra 6.2 X 6.2 M	private	1	0	0	0	1	2020/12/colores-velarias.jpg
6699	VL-219-1	Private: Velaria Conica Malla Sombra 4 Puntos 6.2 X 6.2 M	private	2	1	0	2	1	2020/12/VL-219-PNG0039.png | 2020/12/colores-velarias.jpg
6701	LT-1.20	Letra de lamina 1.20 m de alto con base de 30 cm	publish	1	1	0	0	0	2020/12/letras-gigantes.jpg
6703	LT-1.50	Letra de lamina 1.50 m de alto con base de 30 cm	publish	1	1	0	1	0	2020/12/letras-gigantes.jpg
6704	LET-PT-03-00	LETRA POLICARBONATO Y LUZ 2.00 M DE ALTO	publish	1	1	0	1	0	2020/12/Letra-policarbonato-y-luz-2.00-m-de-alto-PTJ-LT-2.00-b.jpg
6705	MER-PR-02-00	Juego MASSACHUSETTS	publish	4	1	2	1	0	2020/12/modulo-Massachusetts-productos-jumbo.jpg | 2026/07/Juego-Massachusetts-EOS-PR-09-00-1.avif | 2026/07/Juego-Massachusetts-EOS-PR-09-00-im.avif | 2026/07/Juego-Massachusetts-EOS-PR-09-00-top.avif
6707	EOS-PR-11-00	Juego Randolph (EOS-1613 10.0)	draft	1	1	0	1	0	2020/12/juego-infantil-para-parques-randolph.jpg
6708	LET-PT-04-00	LETRA POLICARBONATO Y LUZ 3.00 M DE ALTO	publish	1	1	0	0	0	2020/12/Letra-policarbonato-y-luz-2.00-m-de-alto-PTJ-LT-2.00-b.jpg
6709	LET-PT-01-00	LETRA ACRILICO Y LUZ 1.20 M DE ALTO CON BASE	publish	1	1	0	1	0	2020/12/Letra-acrilico-y-luz-1.20-m-de-alto-con-base-PTJ-LT-1.20-b.jpg
6710	LET-PT-02-00	LETRA ACRILICO Y LUZ 1.50 M DE ALTO CON BASE	publish	1	1	0	1	0	2020/12/montaje-letras-luminosas-2021-web.jpg
6712	TEC-AC-01-00	TECHO SOMBRA DE COLOR 12 ACRILICO	publish	1	1	0	1	0	2020/12/SAC-118-1.png
6713	EOS-PR-12-00	Private: Juego Utah (EOS-515 7.0)	private	2	1	1	2	0	2020/12/juego-en-residencial-utah.jpg | 2020/12/modulo-utah-EOS-PR-12-00.jpg
6715	TEC-PT-02-00	TECHO SOLAR	publish	2	1	0	2	0	2020/12/SAC-219.png | 2020/12/Techo-Solar-TEC-PT-02-00.webp
6721	BAN-PM-10-00	BANCA CENTRO HISTORICO CON PLASTIMADERA	publish	1	1	0	1	0	2020/12/BANCA-POL02MS.png
6723	EOS-PR-13-00	Private: Juego Minnesota (EOS-PR-13-00)	private	2	1	0	2	0	2020/12/modulo-minesota-juego-infantil-productos-jumbo.jpg | 2020/12/modulo-minnesota-juegos-para-parques.png
6728	DEP-00-11-00	RED Y 2 POSTES DE VOLEIBOL	publish	1	1	0	1	0	2020/12/PVB-117.png
6731	CAN-PL-07-00	BANCA DE HUESO CANINO	publish	1	1	0	1	0	2020/12/AEC-119.png
6733	EOS-PR-17-00	Private: Juego Oregon (EOS-1010 7.0)	private	1	1	0	1	0	2020/12/juego-infantil-para-escuelas-oregon.jpg
6736	CAN-PL-01-00	TUNEL CANINO	publish	3	1	2	3	0	2020/12/AEC-418-2.0.png | 2020/12/tunel-canino-frontal.jpg | 2020/12/tunel-canino-para-parques.jpg
6738	MEV-CR-03-00	Juego GRADY	publish	7	1	1	5	0	2020/12/EOS-112-9.0.png | 2020/12/EOS-71D-7.0.png | 2020/12/juego-modular-grady-1.jpg | 2020/12/juego-modular-grady-2.jpg | 2020/12/modulo-grady-juego-de-parques.png | 2026/07/Juego-Grady-EOS-PR-18-03-top.avif | 2026/07/Juego-Grady-EOS-PR-18-03.avif
6739	CAN-PL-12-00	RAMPA CANINA	publish	3	1	2	1	0	2020/12/AEC-218-2.0.png | 2022/02/rampa-canina-parque.jpg | 2022/02/rampa-canina.jpg
6741	CAN-PL-06-00	VALLAS CANINO	publish	3	1	1	3	0	2020/12/AEC-114-2.0.png | 2020/12/AEC-117-2.0.png | 2020/12/valla-canina.jpg
6747	CAN-PL-10-00	BALANCIN CANINO	publish	1	1	0	0	0	2020/12/AEC-117-2.0.png
6748	CAN-PL-02-00	AROS CANINO	publish	3	1	2	3	0	2020/12/AEC-214-20-Aros-Canino.png | 2020/12/aros-caninos-agility-2.jpg | 2020/12/aros-caninos-agility.jpg
6750	CAN-PL-15-00	BEBEDERO CANINO	publish	1	1	0	1	0	2020/12/bebedero-canino.png
6752	CAN-PL-05-00	SALTO DOBLE CANINO	publish	1	1	0	1	0	2020/12/AEC-118-2.0.png
6755	CAN-PL-11-00	MESA CANINA	publish	1	1	0	1	0	2020/12/AEC-414-2.0.png
6757	CAN-PL-08-00	GRADAS CANINO	publish	1	1	0	1	0	2020/12/AEC-219.png
6760	CAN-00-02-00	SLALOM CANINO	publish	2	1	0	2	0	2020/12/AEC-314-2.0.png | 2026/03/CAN-00-02-00-SLALOM-CANINO.avif
6763	CAN-PM-01-00	PASARELA CANINO	publish	3	1	2	3	0	2020/12/productos-jumbo-pasarela-canina-en-circuitos-caninos-agility-parque-en-queretaro.jpg | 2020/12/productos-jumbo-pasarela-canina-para-circuitos-agility.jpg | 2020/12/productos-jumbo-pasarela-canina-para-circuitos-caninos-agility-en-queretaro.jpg
6764	EOS-PR-19-00	Juego Parma (EOS-PR-19-00)	draft	3	1	0	3	0	2020/12/juego-de-exterior-parma.jpg | 2020/12/modulo-parma-EOS-PR-19-00.jpg | 2020/12/modulo-parma-juego-infantil-productos-jumbo.jpg
6770	EOS-PR-23-00	Private: Juego Pittsburgh (EOS-PR-23-00)	private	2	1	0	2	0	2020/12/modulo-pittsburg-juego-infantil-productos-jumbo.jpg | 2020/12/modulo-pittsburgh-EOS-PR-23-00.jpg
6783	MER-PR-07-00	Juego WINSTON	publish	6	1	1	4	0	2020/12/EOS-PR-25-00-MODULO-WINSTON-ISO.webp | 2020/12/T.png | 2020/12/modulo-winston-juego-infantil-productos-jumbo.jpg | 2020/12/modulo-winstone-EOS-PR-25-00.jpg | 2026/07/Juego-Winston-EOS-PR-25-03-1.avif | 2026/07/Juego-Winston-EOS-PR-25-03-top.avif
6785	MER-PR-06-00	Juego RUSSEL	publish	5	1	1	3	0	2020/12/juego-russel-exterior-residencial.jpg | 2020/12/modulo-Russel-productos-jumbo.jpg | 2026/03/EOS-PR-24-00-MODULO-RUSSEL.avif | 2026/07/Juego-Russel-EOS-PR-24-00-1.avif | 2026/07/Juego-Russel-EOS-PR-24-00-top.avif
6791	EOS-PR-22-00	Private: Juego Pensilvania (EOS-PR-22-00)	private	2	1	0	2	0	2020/12/modulo-pensilvania-EOS-PR-19-00.jpg | 2020/12/modulo-pensilvania-juego-infantil-productos-jumbo.jpg
6793	EOS-PR-29-00	Juego BALTIMORE BASIC	publish	3	1	2	3	0	2020/12/juego-residencial.jpg | 2020/12/modulo-basic-juego-para-jardines.png | 2020/12/resbaladila-para-residencial.jpg
6795	EOS-PR-28-00	Juego BALTIMORE	publish	3	1	2	3	0	2020/12/juego-en-exterior-baltimore.jpg | 2020/12/juego-en-un-parque-baltimore.jpg | 2020/12/modulo-baltimore-productos-jumbo.jpg
6797	MEC-CR-01-00	Juego BOSTON	publish	4	1	1	2	0	2020/12/EOS-1610-10.0.jpg | 2020/12/juego-para-exterior-boston.jpg | 2026/07/Juego-Boston-EOS-PR-31-00-1.avif | 2026/07/Juego-Boston-EOS-PR-31-00-top.avif
6810	BAN-00-04-00	BANCA CON PERFILES	publish	1	1	0	1	0	2020/12/MUA-619-1.png
6820	MUM-118-1-1	Private: Mesa de Picnic	private	1	1	0	1	0	2020/12/MPMP-1-1.png
6836	EOS-PR-15-03	Juego Arkansas (EOS-PR-15-03)	publish	4	1	0	4	0	2020/12/EOS-PR-15-03.jpg | 2020/12/arkansas-juego-escuelas-plazas-1.jpg | 2020/12/modulo-arkansas-EOS-PR-15-00.jpg | 2020/12/modulo-arkansas-juego-infantil-productos-jumbo.jpg
6839	MEC-CR-04-00	Juego BARCELONA	publish	6	1	2	3	0	2020/12/juego-de-exterior-modulo-barcelona.jpg | 2020/12/juego-de-exterior-para-escuelas-jumbo-barcelona.jpg | 2026/03/EOS-CR-01-00-MODULO-BARCELONA.avif | 2026/07/Juego-Barcelona-EOS-CR-01-00-1.avif | 2026/07/Juego-Barcelona-EOS-CR-01-00-im.avif | 2026/07/Juego-Barcelona-EOS-CR-01-00-top.avif
6841	EOS-CR-02-00	Juego Britania (EOS-FV-02-00)	draft	3	1	0	3	0	2020/12/EOS-71B-7.0-Britania.jpg | 2020/12/modulo-britania-EOS-FV-02-00.jpg | 2020/12/modulo-britania-juego-infantil-productos-jumbo.jpg
6843	EOS-FV-03-00	Juego España (EOS-FV-03-00)	draft	4	1	0	4	0	2020/12/juego-infantil-modulo-espana.jpg | 2020/12/juego-infantil-para-parques-modulo-espana-1.jpg | 2020/12/juego-infantil-parques-modulo-espana-2.jpg | 2020/12/modulo-espana-juego-infantil-productos-jumbo.jpg
6846	EOS-PR-32-00	Private: Juego Misuri	private	2	1	0	2	0	2020/12/modulo-misuri-juego-infantil-prductos-jumbo.jpg | 2020/12/modulo-misuro-EOS-FV-03-00.jpg
6852	TEM-PL-09-20	Juego ROBOTO	publish	5	1	1	3	0	2020/12/productos-jumbo-modulo-roboto-juegos-infantiles-1.jpg | 2020/12/productos-jumbo-modulo-roboto-juegos-infantiles-2.jpg | 2020/12/productos-jumbo-modulo-roboto-juegos-infantiles-3.jpg | 2026/07/Juego-Roboto-TEM-PL-09-00-1.avif | 2026/07/Juego-Roboto-TEM-PL-09-00-top.avif
6860	TEM-PL-03-00	Juego Cohete Espacial	publish	5	1	3	5	0	2020/12/cohete-espacial-MTN-217-2.jpg | 2020/12/cohete-espacial-MTN-217-3.jpg | 2020/12/cohete-espacial-MTN-217.jpg | 2020/12/modulo-cohete-juego-infantil.jpg | 2026/03/TEM-PL-03-00-MODULO-COHETE-ESPACIAL.avif
6872	TEM-PL-02-20	Juego NAVE ORION	publish	5	1	2	2	0	2020/12/juego-de-nave-orion.jpg | 2020/12/modulo-nave-orion-productos-jumbo.jpg | 2026/07/Juego-Nave-Orion-TEM-PL-02-00-im.avif | 2026/07/Juego-Nave-Orion-TEM-PL-02-00-top.avif | 2026/07/Juego-Nave-Orion-TEM-PL-02-00.avif
6874	TEM-PR-03-20	Juego BARCO	publish	7	1	2	4	0	2020/12/MTB-118-1-juego-tematico-barco-2.jpg | 2020/12/MTB-118-1-juego-tematico-barco.jpg | 2020/12/modulo-barco-juegos-de-exterior.jpg | 2026/03/TEM-PR-03-00-MODULO-BARCO.avif | 2026/07/Juego-Barco-TEM-PR-03-00-1.avif | 2026/07/Juego-Barco-TEM-PR-03-00-im.avif | 2026/07/Juego-Barco-TEM-PR-03-00-top.avif
6876	TEM-PR-04-20	Juego NAVIO	publish	5	1	2	2	0	2020/12/modulo-navio-juego-de-exterior.png | 2026/03/TEM-PR-04-00-MODULO-NAVIO.avif | 2026/07/Juego-Navio-TEM-PR-04-00-1.avif | 2026/07/Juego-Navio-TEM-PR-04-00-im.avif | 2026/07/Juego-Navio-TEM-PR-04-00-top.avif
6884	TEM-PL-01-20	Juego Nave Titán	publish	5	1	2	2	0	2020/12/modulo-titan-nave-espacial-productos-jumbo.jpg | 2026/03/TEM-PL-01-00-MODULO-NAVE-TITAN.avif | 2026/07/Juego-Nave-Titan-TEM-PL-01-00-im.avif | 2026/07/Juego-Nave-Titan-TEM-PL-01-00-top.avif | 2026/07/Juego-Nave-Titan-TEM-PL-01-00.avif
6897	EVA-00-02-00	Juego ARACNIDUS	publish	2	1	0	2	0	2021/01/modulo-aracnidus-juego-para-trepar.jpg | 2026/03/EVA-00-02-00-MODULO-ARACNIDUS.avif
6899	EVA-PR-03-00	Private: Juego Capri (EVA-114-1)	private	4	1	3	4	0	2021/01/EVA-114-1-modulo-capri-para-escalar-2.jpg | 2021/01/EVA-114-1-modulo-capri-para-escalar-3.jpg | 2021/01/EVA-114-1-modulo-capri-para-escalar.jpg | 2021/01/modulo-capri-juego-para-escalar.jpg
6910	EVA-PL-01-00	Juego GENERATION	publish	4	1	2	4	0	2021/01/EVA-618-Trepadero-Generation-9.jpg | 2021/01/EVA-618-Trepadero-Generation.jpg | 2021/01/eva-618-modulo-generation.png | 2026/03/EVA-PL-01-00-MODULO-GENERATION.avif
6916	TRE-CU-03-01	TREPADERO PIRAMIDE CHICA	publish	2	1	0	2	0	2021/01/ITR-119-Temp0001.png | 2021/01/productos_jumbo_piramide_de_red_retos_bajos_juegos_infantiles_de_cuerdas_juegos_infantiles_para_exterior.jpg
6918	TRE-CU-05-00	TREPADERO TRIKON	publish	6	1	4	6	0	2021/01/Trepadeo-Trikon-ITR-918-juego-infantil.jpg | 2021/01/Trepadeo-Trikon-ITR-918-juego-infantil2.jpg | 2021/01/Trepadeo-Trikon-ITR-918-juego-infantil3.jpg | 2021/01/Trepadeo-Trikon-ITR-918-juego-infantil4.jpg | 2021/01/modulo-trikon-juego-de-cuerdas.jpg | 2026/03/TRE-CU-05-00-TREPADERO-TRIKON.avif
6920	TRE-PL-01-00	TREPADERO GEODESICO	publish	2	1	0	2	0	2021/01/modulo-trepadero-geodesico.jpg | 2026/03/TRE-PL-01-00-TREPADERO-GEODESICO.avif
6928	TRE-00-02-00	TREPADERO TRIPLEX	publish	2	1	1	2	0	2021/01/ITR-215-TREPADERO-TRIPLEX-web.jpg | 2021/01/ITR-215-Trepadero-Triplex-1.png
6930	TRE-00-03-00	TREPADERO MEDIA ESFERA	publish	3	1	2	3	0	2021/01/ITE-114-trepadero-mediaesfera-web.jpg | 2021/01/ITE-114-trepadero-mediaesfera-web2.jpg | 2021/01/trepadero-media-esfera-productos-jumbo.jpg
6934	TRE-TM-02-00	TREPADERO DINOSAURIO	publish	3	1	2	3	0	2021/01/ITR-317-Trepadero-Dinosaurio-actualizado-Temp0016.png | 2021/01/trepadero-dinosaurio-web.jpg | 2021/01/trepadero-dinosaurio-web1.jpg
6942	TRE-TM-03-00	TREPADERO BALLENA	publish	2	1	1	2	0	2021/01/ITR-217-TREPADERO-BALLENA-web.jpg | 2021/01/trepadero-ballena-TRE-TM-03-00.jpg
6944	TRE-TM-05-00	TREPADERO TORTUGA	publish	1	1	0	1	0	2021/01/TOR-111-Tortuga.png
6962	COL-AB-10-00	COLUMPIO RESIDENCIAL 2 CANASTILLAS	publish	1	1	0	1	0	2021/01/CR-1-Columpios-Residencial-1.png
6964	CON-CR-04-00	CONJUNTO RESIDENCIAL, COLUMPIOS Y BAJADA COMPUESTO PLASTICO REFORZADO 2.40M	publish	1	1	0	1	0	2021/01/CR-54-Conjunto-Residencial-1.png
6972	GIR-00-01-00	GIRATORIO ORBIT S	publish	1	1	0	1	0	2021/01/montable-orbits-juego-giratorio.png
6985	IRE-PL-05-00	MONTABLE GLOBFLEX	publish	2	1	1	1	0	2021/01/montable-globflex-juego-para-casas.png | 2022/12/juego-de-caballo-montable-en-puebla.jpg
6992	IRE-PL-01-00	MONTABLE ABEJA	publish	2	1	1	2	0	2021/01/IRE-116-montable-abeja.jpg | 2021/01/montable-abeja-juego-infantil.png
6994	IRE-00-01-00	MONTABLE BASICO	publish	1	1	0	1	0	2021/01/montable-basico-juego-para-escuelas.png
6997	IRE-PL-03-00	MONTABLE MOTO	publish	3	1	1	3	0	2021/01/IRE-416-Moto-1.png | 2021/01/IRE-416-moto-montable.jpg | 2026/03/IRE-PL-03-00-MONTABLE-MOTO.avif
7000	IRE-PL-08-00	MONTABLE DELFIN	publish	1	1	0	1	0	2021/01/montable-delfin-juego-para-jardines.png
7003	IRE-PL-02-00	MONTABLE CAMION	publish	3	1	1	3	0	2021/01/IRE-216-Camioncito-1.png | 2021/01/IRE-216-camion-montable.jpg | 2026/03/IRE-PL-02-00-MONTABLE-CAMION.avif
7009	RES-PL-04-00	RESBALADILLA RACER	publish	1	1	0	1	0	2021/01/resbaladilla-racer.jpg
7012	RES-00-01-00	RESBALADILLA LAM DE 2.40MT	publish	1	1	0	1	0	2021/01/resbaladilla-de-lamina-2m.png
7014	RES-00-02-00	RESBALADILLA LAMINA DE 3MT	publish	1	1	0	1	0	2021/01/resbaladilla-de-lamina-3m.png
7017	RES-PP-01-00	RESBALADILLA OLAS DE PLASTICO	publish	1	1	0	1	0	2021/01/RPP-112-Resbaladilla-1.png
7039	SUB-00-01-01	SUBE Y BAJA DOBLE	publish	3	1	1	2	1	2021/01/Eco-Jumbo-2022-logo-300x292.png | 2021/01/sube-y-baja-doble-para-parques.jpg | 2021/01/sube-y-baja-doble.png
7043	SUB-00-01-02	SUBE Y BAJA TRIPLE	publish	3	1	1	2	1	2021/01/Eco-Jumbo-2022-logo-300x292.png | 2021/01/sube-y-baja-triple-para-parques.jpg | 2021/01/sube-y-baja-triple.png
7044	MES-PT-02-00	Mesa Iluminada para Arena (PTJ-MIS-320)	draft	2	1	1	2	0	2021/01/PTJ-MIS-320.png | 2021/01/mesa-iluminada-con-arena-jumbo.jpg
7047	SUB-00-01-00	SUBE Y BAJA SENCILLO	publish	3	1	1	2	1	2021/01/Eco-Jumbo-2022-logo-300x292.png | 2021/01/sube-y-baja-para-parques.jpg | 2021/01/sube-y-baja-sencillo.png
7060	SUB-00-02-01	SUBE Y BAJA PULPO	publish	3	1	1	2	1	2021/01/Eco-Jumbo-2022-logo-300x292.png | 2021/01/sube-y-baja-doble-pulpo.png | 2021/01/sube-y-baja-parques-pulpo.jpg
7065	SUB-PL-01-00	SUBE Y BAJA BALLENA	publish	1	1	0	1	0	2021/01/sube-y-baja-ballena.jpg
7066	SUB-00-02-02	SUBE Y BAJA PULPO TRIPLE	publish	2	1	0	1	1	2021/01/Eco-Jumbo-2022-logo-300x292.png | 2021/01/sube-y-baja-triple-pulpo.png
7077	COL-CR-03-00	Pasamanos Curvo con Canastilla Compuesto Plástico Reforzado	publish	1	1	0	1	0	2021/01/PPC-112-Pasamanos-con-canastilla-1.png
7081	PAS-00-01-00	PASAMANOS IDA Y VUELTA	publish	1	1	0	1	0	2021/01/PIV-111-Pasamanos-Ida-y-Vuelta-1.png
7086	PAS-00-02-00	PASAMANOS ONDULADO 2 x 3 MTS.	publish	1	1	0	1	0	2021/01/PPO-124-Pasamanos-ondulado.png
7089	PAS-00-03-00	PASAMANOS RECTO 2 X 3 MTS.	publish	1	1	0	1	0	2021/01/PPN-122-Pasamanos-Recto.png
7091	INT-PL-04-00	PANELES INTERACTIVOS	publish	1	1	0	1	0	2021/01/paneles-interactivos.jpg
7100	INT-PL-02-00	PANEL INTERACTIVO MUÑECOS	publish	1	1	0	1	0	2021/01/panel-interactivo-munecos.jpg
7103	INT-PL-03-00	PANEL INTERACTIVO LABERINTO	publish	1	1	0	1	0	2021/01/panel-interactivo-laberinto.jpg
7120	EOS-IN-02-00	Juego URBANO INCLUSIVO	publish	2	1	0	2	0	2021/01/modulo-inclusivo-urbano.png | 2026/03/EOS-IN-02-00-MODULO-URBANO-INCLUSIVO.avif
7122	EOS-IN-05-00	Juego Maine Inclusivo (EOS-1612 7.0 DC)	draft	3	1	2	3	0	2021/01/EOS-1612-7.0-DC-Maine-2-AJ.png | 2021/01/maine-eos-61270dc-juego-inclusivo-web.jpg | 2021/01/maine-eos-61270dc-juego-inclusivo-web2.jpg
7124	EOS-IN-01-00	Juego MILWUAKEE INCLUSIVO	publish	6	1	3	6	0	2021/01/A-editado-.png | 2021/01/juego-inclusivo-milwauke.jpg | 2021/01/juego-incluyente-milwauke.jpg | 2021/01/juego-para-silla-de-ruedas-milwauke.jpg | 2021/01/modulo-milwake-juego-inclusivo-jumbo.jpg | 2026/03/EOS-IN-01-00-MODULO-MILWUAKEE-INCLUSIVO.avif
7126	EOS-IN-04-00	Juego Indiana Inclusivo (EOS-1210 7.0 DC)	draft	1	1	0	1	0	2021/01/EOS-1210-7.0-DC-Indiana.png
7137	JAM-119	AQUA JUM1	publish	1	1	0	1	0	2021/01/JAM-119.png
7145	JAM-219	AQUA JUM2	publish	2	1	0	1	0	2021/01/JAM-119.png | 2021/01/JAM-219.png
7150	JAM-319	AQUA JUM3	publish	1	1	0	1	0	2021/01/JAM-319.png
7153	JAM-419	AQUA JUM4	publish	2	1	0	2	0	2021/01/JAI-419.png | 2021/01/JAM-419.png
7156	JAM-519	AQUA JUM5	publish	2	1	0	2	0	2021/01/JAI-519.png | 2021/01/JAM-519.png
7167	JAI-419	ARCO SPRAY	publish	1	1	0	1	0	2021/01/JAI-419-1.png
7169	JAI-519	Bolardo Spray	publish	1	1	0	1	0	2021/01/JAI-519-1.png
7171	JAI-619	SPRAY S	publish	1	1	0	1	0	2021/01/JAI-619.png
7173	JAI-819	PALMERA LLUVIA	publish	2	1	0	2	0	2021/01/JAI-719.png | 2021/01/JAI-819.png
7177	JAI-919	SOMBRILLA LLUVIA	publish	1	1	0	1	0	2021/01/JAI-919.png
7224	PASART-25	Pasto Artificial 25mm de altura	publish	1	1	0	1	0	2021/01/pasto-sintetico-productos-jumbo.jpg
7228	PASART-45	Pasto Artificial 45mm de altura	publish	1	1	0	0	0	2021/01/pasto-sintetico-productos-jumbo.jpg
7230	PASART-45-BL	Pasto Artificial 45mm de altura 850grs Color Blanco	publish	1	1	0	1	0	2021/01/PASART-20-BL.png
7232	PASART-45-AM	Pasto Artificial 45 mm de altura 850grs Color Amarillo	publish	1	1	0	1	0	2021/01/PASART-20-AM.png
7233	PASART-45-RO	Pasto Artificial 45 mm de altura 850grs Color Rojo	publish	1	1	0	1	0	2021/01/PASART-20-RO.png
7235	PASART-45-AZ	Pasto Artificial 45 mm de altura 850grs Color Azul	publish	1	1	0	1	0	2021/01/PASART-20-AZ.png
7243	PTJ-MGB-220	Dexia Bote con iluminacion	publish	1	1	0	1	0	2021/01/PTJ-MGB-220.png
7254	PGR-50	Piso de Loseta de Caucho Rojo Chispa	publish	1	1	0	1	0	2021/01/Loseta-Rojo-chispa-PGR-50.jpg
7255	PGN-60	Piso de Loseta de Caucho Negro Chispa	publish	1	1	0	1	0	2021/01/Loseta-negro-Chispa-premium-PGN-60.jpg
7260	PGK-50	Piso de Loseta de Caucho Kaki	publish	1	1	0	1	0	2021/01/Loseta-kaki-premium-PGK-50.jpg
7261	PGG-50	Piso de Loseta de Caucho Gris	publish	1	1	0	1	0	2021/01/Loseta-Gris-premium-PGG-50.jpg
7262	MUA-217 A-P	Banca fuji A.	draft	1	1	0	1	0	2021/01/MUA-217-A-P.png
7263	PGCA-50	Piso de Loseta de Caucho Cafe	publish	1	1	0	1	0	2021/01/Loseta-Cafe-premium-PGCA-50.jpg
7265	MUA-217 B-P	Banca fuji B.	draft	1	1	0	1	0	2021/01/MUA-217-B-P.png
7266	PGN-50	Piso de Loseta de Caucho Negro	publish	1	1	0	1	0	2021/01/Loseta-negro-premium-PGN-50.jpg
7269	LBGR-50	Loseta Burbuja Terracota	publish	2	1	0	2	0	2021/01/loseta-burbuja-terracota-con-base.png | 2021/01/loseta-burbuja-verde-con-base.png
7272	LBGA-50	Loseta Burbuja Azul Marino	publish	1	1	0	1	0	2021/01/loseta-burbuja-Azul-con-base.png
7273	LBGV-50	Loseta Burbuja Verde	publish	1	1	0	0	0	2021/01/loseta-burbuja-verde-con-base.png
7275	PPG1-1	Private: JUMBO RUBBER PG1 A 1 CM	private	1	1	0	1	0	2021/01/rubber-5.png
7277	PPG1-2	Private: JUMBO RUBBER PG1 A 2 CM	private	1	1	0	1	0	2021/01/rubber-4.png
7278	INOX-214B	Private: Aparcabicicleta Two Circular	private	1	1	0	1	0	2021/01/INOX-214B.png
7279	PPG1-4	Private: JUMBO RUBBER PG1 A 3 CM	private	1	1	0	1	0	2021/01/rubber-3.png
7281	PPG1-4-1	Private: JUMBO RUBBER PG1 A 4 CM	private	1	1	0	1	0	2021/01/rubber-6.png
7286	PPTT-13	JUMBO RUBBER SPORT TIPO TARTAN A 13 MM	publish	1	1	0	1	0	2021/01/tartan.png
7292	BAN-CR-04-00	BANCA VINSONS KLEIN	publish	1	1	0	1	0	2021/01/MUA-120.png
7303	JAI-719	PULPO SPRAY	publish	1	1	0	0	0	2021/01/JAI-719.png
7383	EL-118-4C	INFINITO	publish	6	1	1	5	1	2021/01/EL-118-AJUSTADA.png | 2021/01/datosbotelogoariel2.png | 2021/01/juego-infantil-escultura.jpg | 2021/01/juego-ludico-infantil.jpg | 2021/01/juego-para-parque-de-jumbo-infinito.jpg | 2021/01/modulo-infinito-escultura-ludica.jpg
7395	EL-619-4C	TRAPIST	publish	4	1	2	2	1	2021/01/EL-619-1.png | 2021/01/EL-619.png | 2021/01/datosbotelogoariel2.png | 2021/11/esculturas-ludicas-recreativas.png
7405	EL-1519-4C	MILLER	publish	5	1	3	4	1	2021/01/EL-1519-AEREA.png | 2021/01/EL-1519-LATERAL.png | 2021/01/datosbotelogoariel2.png | 2021/01/escultura-ludica-miller.jpg | 2021/01/miller-juegos-increibles-para-parques.jpg
7407	EL-1619-4C	SIRIUS	publish	5	1	3	4	1	2021/01/EL-1619-LATERAL.png | 2021/01/EL-1619-SIN-PERNOS-TOP.png | 2021/01/datosbotelogoariel2.png | 2021/01/modulo-recreativo-sirius.jpg | 2021/01/sirius-juego-para-haciendas-hoteles.jpg
7411	COL-PT-02-00	COLUMPIO LUCENDI	publish	3	1	0	3	0	2021/01/PTJ-217.png | 2021/01/columpio-interactivo-jumbo.jpg | 2021/01/productos_jumbo_columpio_lucendi_con_luz.png
7416	PPG1-3	JUMBO RUBBER SPORT PG1 A 3 MM	publish	1	1	0	1	0	2021/01/tartan-2.png
7425	PIL-PT-02-00	LIGHT PILLAR	publish	2	1	1	2	0	2021/01/PTJ-617.png | 2021/01/pilares-de-luz-jumbo.jpg
7427	SUB-PT-01-00	SUBE Y BAJA LUCENDI	publish	2	1	1	2	0	2021/01/PTJ-116.png | 2021/01/SUBE-Y-BAJA-INTERACTIVO.jpg
7430	ALA-PT-01-00	Alas Lucendi (PTJ-118)	draft	2	1	1	2	0	2021/01/PTJ-118.png | 2021/01/alas-de-luces-jumbo.jpg
7442	BAN-PT-06-00	Private: Banca de Luz (PTJ-BL)	private	1	1	0	1	0	2021/01/PTJ-BL.png
7443	TUN-PT-01-00	TUNEL DE LUZ	publish	2	1	1	2	0	2021/01/TUNEL-SHOWROOM-1.png | 2021/01/tunel-de-luz-jumbo.jpg
7445	BAN-PT-04-00	BANCA LUCENDI	publish	1	1	0	1	0	2021/01/PTJ-218.png
7446	BAN-PT-05-00	BANCA MEDIA LUNA LUCENDI	publish	1	1	0	1	0	2021/01/PTJ-219.png
7450	TEM-PL-07-00	Juego MONSTRIKS	publish	6	1	2	5	0	2021/01/EOS-121.png | 2021/01/modulo-monstrik-EOS-121-2.jpg | 2021/01/modulo-monstrik-EOS-121.jpg | 2021/01/modulo-monstriks-juego-escuelas.jpg | 2026/03/TEM-PL-07-00-MODULO-MONSTRIKS.avif | 2026/04/TEM-PL-07-00-MODULO-MONSTRIKS.avif
7458	TEM-PR-09-00	Juego HORMIGUERO	publish	2	1	0	2	0	2021/01/modulo-hormiguero-juego-de-madera.jpg | 2026/03/TEM-PR-09-00-MODULO-HORMIGUERO.avif
7463	TRE-CU-07-00	TREPADERO VITEX	publish	1	1	0	1	0	2021/01/ITR-621.png
7464	TRE-CU-09-00	TREPADERO SALIX	publish	1	1	0	1	0	2021/01/ITR-721-1.png
7466	RES-PP-01-01	RESBALADILLA TRIPLE OLAS DE PLASTICO	publish	1	1	0	1	0	2021/01/RPP-112-3.png
7467	INT-PL-06-00	LABERINTO SENSORIAL	publish	1	1	0	1	0	2021/01/laberinto-sensorial.jpg
7479	BAN-PL-02-00	BANCA ONON	publish	1	1	0	1	0	2021/01/MUA-920.png
7480	BAN-PP-05-00	BANCA IKA	publish	2	1	0	1	1	2021/01/Eco-Jumbo-2022-logo-300x292.png | 2021/01/MUA-520.png
7491	MES-LP-01-01	MESA MERCATO DOPPIO	publish	1	1	0	1	0	2021/01/MUM-120-4.png
7496	SEÑ-00-10-00	SEÑALETICA DIRECCIÓN	publish	1	1	0	1	0	2021/01/Senaletica-Direccion-ESI-920.jpg
7505	BUS-00-01-00	PARABUS TECH	publish	1	1	0	1	0	2021/01/PB-220.png
7513	CAN-PL-09-00	MINI RAMPA CANINO	publish	2	1	0	1	1	2021/01/AEC-220.png | 2021/01/Eco-Jumbo-2022-logo-300x292.png
7749	TEM-PR-07-00	Juego Tren (TEM-PR-07-01)	draft	2	1	0	2	0	2021/01/MTT-113-7.0-Tren.png | 2021/01/modulo-tren-TEM-PR-07-00.jpg
7751	EVA-PR-01-20	Juego ATRACTION	publish	8	1	1	6	0	2021/01/EVA-814-9.0.png | 2021/01/juego-para-trepar-Modulo-Atraction-1.jpg | 2021/01/juego-para-trepar-Modulo-Atraction-2.jpg | 2021/01/juego-para-trepar-Modulo-Atraction-3.jpg | 2021/01/juego-para-trepar-Modulo-Atraction-4.jpg | 2026/03/EVA-PR-01-00-MODULO-ATRACTION.avif | 2026/07/Juego-Atraction-EVA-PR-01-00-top.avif | 2026/07/Juego-Atraction-EVA-PR-01-00.avif
7780	COL-AB-01-00	COLUMPIO PP EN A CON 2 ASIENTOS DE BANDA	publish	1	1	0	1	0	2021/01/CP-102-2.0-Columpio-1.png
7781	COL-AS-01-00	COLUMPIO PP EN A CON 2 ASIENTOS DE SEGURIDAD	publish	1	1	0	1	0	2021/01/CP-102A-2.0-1-Columpio-1.png
7783	COL-AB-03-00	COLUMPIO PP EN U CON 3 ASIENTOS DE BANDA	publish	2	1	1	2	0	2021/01/CP-103-U21-2.0-columpio-3-canastillas-1.jpg | 2021/01/columpio-3-canastillas-productos-jumbo.jpg
7789	COL-BS-01-00	COLUMPIO CANGURO	publish	2	1	1	2	0	2021/01/CP-216.png | 2021/01/Columpio-Canguro-CP-216-web.jpg
7791	COL-AB-06-00	COLUMPIO KRONE	publish	4	1	3	4	0	2021/01/CP-118-columpio-krone.jpg | 2021/01/CP-118-columpio-krone2.jpg | 2021/01/CP-118-columpio-krone3.jpg | 2021/01/columpio-krone-productos-jumbo.jpg
7794	CON-CR-02-00	COLUMPIO MULTIJUEGO	publish	2	1	1	2	0	2021/01/CPP-216-COLUMPIO-MULTIJUEGO-web.jpg | 2021/01/CPP-216.png
7819	IRE-PL-04-00	MONTABLE CABALLITO	publish	2	1	1	2	0	2021/01/juego-para-ninos.jpg | 2021/01/montable-caballito-juego-infantil.png
7824	INT-PL-05-00	MURO SENSORIAL	publish	1	1	0	1	0	2021/01/muro-sensorial-productos-jumbo.jpg
7828	INT-00-03-00	TUBO DIDACTICO GRANDE	publish	1	1	0	1	0	2021/01/tubo-didactico-grande.jpg
7831	TEM-PM-01-00	TIPPIE	publish	1	1	0	1	0	2021/01/tippie.jumbo_.jpg
7834	PIL-PT-01-00	Bubble Pillar (PTJ-620 C)	draft	1	1	0	1	0	2021/01/bubble-pillar-productos-jumbo.png
8007	DEP-00-07-00	PORTERIA CON TABLERO DE BÁSQUETBOL	publish	3	1	1	2	0	2020/12/PCT-113.png | 2021/01/PCT-0113-e1632160134444.jpg | 2026/03/DEP-00-07-00-PORTERIA-CON-TABLERO-DE-BASQUETBOL.avif
8009	DEP-MO-04-00	GRADAS 5 ASIENTOS Y 4 DESCANSA PIES	publish	1	1	0	0	0	2020/12/MUD-216.png
8012	CAN-PP-01-00	POSTE DE BOLSAS CON BASURERO CANINO	publish	3	1	1	2	1	2021/01/AEC-320.png | 2021/01/Eco-Jumbo-2022-logo-300x292.png | 2021/01/bote-de-basura-con-bolsas-para-perros.jpg
8314	BAN-PV-02-00	BANCA PMP PVC	publish	1	1	0	1	0	2021/01/Banca-PMP-PVC-BF-165-A.jpg
8316	BAN-PP-04-00	BANCA KIRO	publish	2	1	0	1	1	2021/01/Eco-Jumbo-2022-logo-300x292.png | 2021/01/MUA-420-Temp0050.png
8328	BAN-IN-02-00	BANCA LOGAN INCLUSIVA PVC	publish	2	1	1	2	0	2021/01/banca-inclusiva-logan-pvc-productos-jumbo.jpg | 2021/01/banca-para-silla-de-ruedas-MUA-1015-A-DC-web.jpg
8336	BAN-PV-01-00	BANCA PUMORI PVC	publish	1	1	0	0	0	2020/12/MUA-915.png
8345	MES-PV-01-00	MESA DE PICNIC PVC	publish	1	1	0	1	0	2021/01/MPVC-1-Perspectiva.png
8350	APA-00-04-00	APARCABICICLETAS ONE MARCO	publish	1	1	0	1	0	2021/01/Aparcabicicletas-One-Marco-MUB-320.jpg
8359	BAN-IX-01-00	BANCA LOA INOX	publish	1	1	0	1	0	2021/01/INOX-MUA-517-A.png
8361	BOT-IX-01-00	BOTE GANGES	publish	1	1	0	0	0	2020/12/INOX-718R.png
8363	BOL-IX-01-00	BOLARDO 5 INOX	publish	1	1	0	0	0	2020/12/INOX-118P.png
8364	BOL-IX-02-00	BOLARDO 3 INOX	publish	1	1	0	0	0	2020/12/INOX-618P.png
8367	BOL-00-04-00	BOLARDO METALICO 4″ 60 CM ALTURA	publish	2	1	0	2	0	2021/01/Bolardo-metalico-BOL-1-3.png | 2021/01/bolardos-productos-jumbo.png
8370	BUS-TP-01-00	PARABUS BASIC	publish	1	1	0	0	0	2020/12/PB-111.png
19063	COL-AB-02-00	COLUMPIO PP EN A 3 ASIENTOS DE BANDA	publish	1	1	0	1	0	2021/01/CP-103-2.0.png
19111	CMT-120P	BANCA COMPLETA	publish	1	1	0	1	0	2021/01/Banca-completa-CMT-120P.png
21148	MEC-CR-03-00	Juego CHARLOTTE	publish	8	1	2	5	0	2021/10/juego-infantil-charlestone-jumbo.jpg | 2021/10/juego-para-escuelas-2.jpg | 2021/10/juego-para-escuelas1.jpg | 2021/10/juego-para-escuelas3.jpg | 2026/03/EOS-PR-26-00-MODULO-CHARLOTTE.avif | 2026/07/Juego-Charlotte-EOS-PR-26-00-2.avif | 2026/07/Juego-Charlotte-EOS-PR-26-00-im.avif | 2026/07/Juego-Charlotte-EOS-PR-26-00-top.avif
22130	EJE-ID-23-00	EJERCITADOR PARED SUECA Y 2 POSTES	publish	2	1	1	2	0	2022/02/pared-sueca-ejercicio.jpg | 2026/03/EJE-ID-23-00-EJERCITADOR-PARED-SUECA-Y-2-POSTES.avif
22188	DEP-MO-01-00	2 BANCAS DE ARBITROS CON TECHUMBRE	publish	2	1	0	2	0	2022/02/MUD-212-techo-Temp0045.png | 2026/03/DEP-MO-01-00-2-BANCAS-DE-ARBITROS-CON-TECHUMBRE.avif
22209	CAN-PL-03-00	SALTO ARO CANINO	publish	1	1	0	1	0	2022/02/AEC-214-A-salto-aro-canino.png
22313	TEM-IX-02-00	Juego HEXAGON	publish	1	1	0	1	0	2022/03/modulo-hexagon-juego-infantil-gigante.jpg
22315	TEM-IX-03-00	Juego ATALAYA	publish	1	1	0	1	0	2022/03/juego-gigante-infantil-atalaya.jpg
22323	CON-CR-01-00	CONJUNTO DE MEDIA LUNA	publish	2	1	0	2	0	2022/03/conjunto-media-luna-juego-residencial.jpg | 2026/03/CON-CR-01-00-CONJUNTO-DE-MEDIA-LUNA.avif
22329	SUB-IN-02-00	SUBE Y BAJA PARA SILLA DE RUEDAS	publish	1	1	0	1	0	2022/03/sube-y-baja-para-silla-de-ruedas.jpg
22330	EOS-IN-03-00	Juego CASTILLO INCLUSIVO	publish	1	1	0	1	0	2022/03/PE-MTIC-121-DC-1.png
22332	MMB-120	Juego BARCO WOOD	publish	1	1	0	1	0	2022/03/barco-de-madera-jumbo.jpg
22334	MMW-122	Juego WOOD	publish	1	1	0	1	0	2022/03/juego-infantil-de-madera.jpg
22335	MMR-122	Juego RETOS BAJOS	publish	1	1	0	1	0	2022/03/obstaculos-de-madera-paraninios.jpg
22344	BOT-PM-02-00	BOTE OKA PLASTIMADERA	publish	2	1	0	1	1	2021/01/Eco-Jumbo-2022-logo-300x292.png | 2022/03/Bote-Oka-Plastimadera-MUO-117A.jpg
22346	BOT-LP-02-02	BOTE OKA PERFORADA	publish	2	1	0	2	0	2022/03/Bote-Oka-Perforada-MUO-117B.jpg | 2026/03/BOT-LP-02-02-BOTE-OKA-PERFORADA.avif
22348	BOT-00-04-00	BOTE TRIANGULAR	publish	1	1	0	1	0	2022/03/bote-triangular-MUO-521.jpg
22359	BAN-MA-01-00	BANCA CIRCULAR JUNKO	publish	2	1	0	1	1	2021/01/Eco-Jumbo-2022-logo-300x292.png | 2022/03/MUP-321-banca-junko-web.jpg
22365	BAN-00-10-00	BANCA CIRCULAR CON ASIENTO	publish	1	1	0	1	0	2022/03/BANCA-circular.png
22370	COL-00-01-00	2 COLUMPIOS ARIA	publish	2	1	0	1	1	2021/01/Eco-Jumbo-2022-logo-300x292.png | 2022/03/SET-Columpio-ARIA.png
22386	BAN-CR-05-00	BANCA VINSONS B	publish	1	1	0	1	0	2022/03/MUA-1717.png
22393	MES-LP-04-00	4 MESAS PICNIC CON PERGOLA	publish	1	1	0	1	0	2022/03/MGM-120-1A-mesa-con-pergola-web.jpg
22396	SEÑ-00-14-00	MESA MAPA	publish	1	1	0	1	0	2022/03/MUPI-121-web-mapa.jpg
22401	SEÑ-PT-02-00	TOTEM CON LUZ	publish	3	1	0	3	0	2022/03/PTJ-ESI-221-A-totem-con-luz.jpg | 2022/03/TOTEM-CON-LUZ-SEN-PT-02-00.png | 2022/03/TOTEM-CON-LUZ-SEN-PT-02-00500x-700-px.webp
22403	SEÑ-00-15-00	SEÑALETICA TOTEM	publish	1	1	0	1	0	2022/03/ESI-620-totem.jpg
22405	SEÑ-PL-01-00	SEÑALETICA PLASTIPANEL 50 X 25 CM	publish	2	1	0	1	1	2022/03/colores-plastipanel.jpg | 2022/03/senaletica-plastipanel-web.jpg
22413	TER-PP-01-00	TERRAZA	publish	2	1	0	1	1	2021/01/Eco-Jumbo-2022-logo-300x292.png | 2022/03/MUP-131-Terraza-render.jpg
22415	MES-PP-02-00	MESA PICNIC 3/3	publish	1	1	0	1	0	2022/03/MUP-331-Mesa-Picnic-3-3-Plastimadera-Premium-RENDER.jpg
22417	MES-PP-01-00	MESA CUBI	publish	2	1	0	2	0	2022/03/MUP-231-Cubi-Mesa-Plastimadera-Premium.jpg | 2026/03/MES-PP-01-00MESA-CUBI.avif
22419	CMT-520P	JARDINERA BAJA	publish	1	1	0	0	0	2023/01/maceta-de-concreto-CMT-520P.jpg
22421	CMT-320P	MACETA TRAPECIO	publish	1	1	0	0	0	2023/01/maceta-de-concreto-CMT-520P.jpg
22422	CMT-420P	MACETA ALTA	publish	1	1	0	1	0	2022/03/CMT-320P-maceta-concreto-web.jpg
22424	CMT-220P	MACETA REDONDA	publish	1	1	0	1	0	2022/03/CMT-220P-maceta-concreto-web.jpg
22429	BOL-00-05-00	BOLARDO METALICO 6″ 80CM ALTURA	publish	1	1	0	1	0	2022/03/Bolardo-Metalico-6-80-cm-altura-BOL-180.png
22431	BOL-PT-01-00	BOLARDO CON LUZ	publish	1	1	0	1	0	2022/03/bolardo-luz-PTJ-BOL-220.jpg
22667	COL-AB-04-00	COLUMPIO PP EN A CON 4 ASIENTOS DE BANDA	publish	1	1	0	1	0	2022/03/CP-104-2.0-Columpio-AJ.png
22712	PPM-VET	Piso Plástico Modular Verde Trébol	publish	4	1	2	3	1	2022/03/ITF_CLASSIFIED-COURT-PACE_5FAST_COLOUR.png | 2022/03/cancha-multiusos-piso-modular.jpg | 2022/03/piso-modular-instrucciones.jpg | 2022/03/piso-modular-verde-trebol.jpg
22725	PPM-TER	Piso Plástico Modular Terracota	publish	4	1	2	1	1	2022/03/ITF_CLASSIFIED-COURT-PACE_5FAST_COLOUR.png | 2022/03/cancha-multiusos-piso-modular.jpg | 2022/03/piso-modular-instrucciones.jpg | 2022/03/piso-modular-terracota.jpg
22727	PPM-VEL	Piso Plástico Modular Verde Limón	publish	4	1	2	1	1	2022/03/ITF_CLASSIFIED-COURT-PACE_5FAST_COLOUR.png | 2022/03/cancha-multiusos-piso-modular.jpg | 2022/03/piso-modular-instrucciones.jpg | 2022/03/piso-modular-verde-limon.jpg
22729	PPM-GRI	Piso Plástico Modular Gris	publish	4	1	2	1	1	2022/03/ITF_CLASSIFIED-COURT-PACE_5FAST_COLOUR.png | 2022/03/cancha-multiusos-piso-modular.jpg | 2022/03/piso-modular-gris.jpg | 2022/03/piso-modular-instrucciones.jpg
22731	PPM-BEI	Piso Plástico Modular Beige	publish	4	1	2	1	1	2022/03/ITF_CLASSIFIED-COURT-PACE_5FAST_COLOUR.png | 2022/03/cancha-multiusos-piso-modular.jpg | 2022/03/piso-modular-beige.jpg | 2022/03/piso-modular-instrucciones.jpg
22733	PPM-NEG	Piso Plástico Modular Negro	publish	4	1	2	1	1	2022/03/ITF_CLASSIFIED-COURT-PACE_5FAST_COLOUR.png | 2022/03/cancha-multiusos-piso-modular.jpg | 2022/03/piso-modular-instrucciones.jpg | 2022/03/piso-modular-negro.jpg
22735	PPM-AZC	Piso Plástico Modular Azul Cobalto	publish	4	1	2	1	1	2022/03/ITF_CLASSIFIED-COURT-PACE_5FAST_COLOUR.png | 2022/03/cancha-multiusos-piso-modular.jpg | 2022/03/piso-modular-azul-cobalto.jpg | 2022/03/piso-modular-instrucciones.jpg
22737	PPM-ROJ	Piso Plástico Modular Rojo	publish	4	1	2	1	1	2022/03/ITF_CLASSIFIED-COURT-PACE_5FAST_COLOUR.png | 2022/03/cancha-multiusos-piso-modular.jpg | 2022/03/piso-modular-instrucciones.jpg | 2022/03/piso-modular-rojo.jpg
22739	PPM-AMA	Piso Plástico Modular Amarillo	publish	4	1	2	1	1	2022/03/ITF_CLASSIFIED-COURT-PACE_5FAST_COLOUR.png | 2022/03/cancha-multiusos-piso-modular.jpg | 2022/03/piso-modular-amarillo.jpg | 2022/03/piso-modular-instrucciones.jpg
22897	RAI-CP1-2D	Castle 1 – Rainbow	draft	5	1	1	5	0	2022/04/casa-de-madera-jumbo-1.jpg | 2022/04/casa-de-madera-rainbow.jpg | 2022/04/casa-madera-para-ninos.jpg | 2022/04/juego-de-madera-rainbow.jpg | 2022/04/juego-rainbow-de-madera.jpg
23738	RAI-CP2-2B	Fiesta Castle 2 – Rainbow	draft	5	1	2	5	0	2022/08/casa-de-madera-grande-rainbow.jpg | 2022/08/casa-de-madera-jumbo-2.jpg | 2022/08/fiesta-castle-2.avif | 2022/08/productos_jumbo_casa_madera_producto_fiesta-castle_-imagen-1.jpg | 2022/08/productos_jumbo_casa_madera_producto_fiesta-castle_imagen-2.jpg
24629	BOT-LP-01-01	BOTE PARANA DOBLE	publish	2	1	0	2	0	2022/12/Bote-Parana-Doble-BOT-LP-01-01.webp | 2022/12/bote-doble-parana.jpg
24631	BOT-00-01-01	BOTE CENTRO HISTORICO DOBLE	publish	1	1	0	1	0	2022/12/bote-doble-centro-historico.jpg
24818	MEL-CR-01-00	Juego Córdoba	publish	5	1	2	2	0	2023/02/modulo-cordoba-nuevo-juego-infantil.png | 2026/03/TDF-00-03-01-MODULO-CORDOBA.avif | 2026/07/Juego-Cordoba-TDF-00-03-01-im.avif | 2026/07/Juego-Cordoba-TDF-00-03-01-top.avif | 2026/07/Juego-Cordoba-TDF-00-03-01.avif
24820	MEL-CR-02-00	Juego VIZCAYA	publish	4	1	2	1	0	2023/02/modulo-vizcaya-nuevo-juego-en-parques.png | 2026/07/Juego-Vizcaya-TDF-00-01-00-im.avif | 2026/07/Juego-Vizcaya-TDF-00-01-00-top.avif | 2026/07/Juego-Vizcaya-TDF-00-01-00.avif
24822	MEL-CR-03-00	Juego VALLADOLID	publish	4	1	2	1	0	2023/02/modulo-valladolid-TDF-00-02-00.jpg | 2026/07/Juego-Valladolid-TDF-00-02-02-im.avif | 2026/07/Juego-Valladolid-TDF-00-02-02-top.avif | 2026/07/Juego-Valladolid-TDF-00-02-02.avif
24851	EOS-00-04-00	Juego Iggy	publish	2	1	0	2	0	2023/02/modulo-iggy-EOS-00-04-00.jpg | 2026/03/EOS-00-04-00-MODULO-IGGY.avif
24856	EOS-00-05-00	Juego Yety	publish	2	1	0	2	0	2023/02/modulo-yety-EOS-00-05-00.jpg | 2026/03/EOS-00-05-00-MODULO-YETY.avif
24871	SUB-MA-01-00	SUBE Y BAJA DE MADERA NATURAL	publish	1	1	0	1	0	2023/02/sube-y-baja-de-madera-SUB-MA-01-00.jpg
24883	EJE-EM-01-00	EJERCITADOR DE PIERNAS MEDIUM	publish	1	1	0	1	0	2023/02/EJERCITADOR-DE-PIERNAS-MEDIUM-EJE-EM-01-00.jpg
24885	EJE-EM-02-00	EJERCITADOR ABDOMINALES MEDIUM	publish	1	1	0	1	0	2023/02/Ejercitador-Abdominales-Medium-EJE-EM-02-00.jpg
24887	EJE-EM-03-00	EJERCITADOR ELIPTICA MEDIUM	publish	1	1	0	1	0	2023/02/Ejercitador-Eliptica-Medium-EJE-EM-03-00.jpg
24889	EJE-EM-04-00	EJERCITADOR CAMINADORA MEDIUM	publish	1	1	0	1	0	2023/02/Ejercitador-Caminadora-Medium-EJE-EM-04-00.jpg
24891	EJE-EM-05-00	EJERCITADOR POTRO MEDIUM	publish	1	1	0	1	0	2023/02/Ejercitador-Potro-Medium-EJE-EM-05-00.jpg
24893	EJE-EM-06-00	EJERCITADOR BARRAS PARALELAS MEDIUM	publish	1	1	0	1	0	2023/02/Ejercitador-Barras-Paralelas-Medium-EJE-EM-06-00.jpg
24895	EJE-EM-07-00	EJERCITADOR BRAZOS Y MUÑECAS MEDIUM	publish	1	1	0	1	0	2023/02/Ejercitador-Brazos-y-Munecas-Medium-EJE-EM-07-00.jpg
24897	EJE-EM-08-00	EJERCITADOR MOVIMIENTO DE CINTURA MEDIUM	publish	1	1	0	1	0	2023/02/Ejercitador-Movimiento-de-Cintura-Medium-EJE-EM-08-00.jpg
24899	EJE-EM-09-00	EJERCITADOR SURFER MEDIUM	publish	1	1	0	1	0	2023/02/Ejercitador-Surfer-Medium-EJE-EM-09-00.jpg
24901	EJE-EM-10-00	EJERCITADOR DE BRAZO MEDIUM	publish	1	1	0	1	0	2023/02/Ejercitador-de-Brazo-Medium-EJE-EM-10-00.jpg
25233	EOS-MA-01-00	Juego MADERA A	publish	2	1	1	2	0	2023/03/juego-de-madera-modulo-a-2.jpg | 2023/03/juego-de-madera-modulo-a.jpg
25243	BOA-PT-01-00	Private: Pixel Board	private	2	1	1	2	0	2023/03/pizarron-interactivo-con-luces.jpg | 2023/03/pizarron-interactivo.jpg
28342	EOS-PR-34-20	Ensueño	publish	24	1	1	22	0	2024/02/Productos_jumbo_arco_multifuncional_retos_bajos_juegos_infantiles_juegos_para_exteriores.jpg | 2024/02/Productos_jumbo_barco_modulo_tematico_zebra_juegos_infantiles.jpg | 2024/02/Productos_jumbo_barco_vikingo_juego_tematico_juegos_infantiles.jpg | 2024/02/Productos_jumbo_casa_interactiva_juegos_para_jardin_juegos_para_exteriores.jpg | 2024/02/Productos_jumbo_columpio_columpios_juegos_infantiles_juegos_para_jardin.jpg | 2024/02/Productos_jumbo_columpio_de_madera_juegos_de_madera_juegos_infantiles.jpg | 2024/02/Productos_jumbo_columpio_tematico_columpios_juegos_infantiles_juegos_para_exteriores.jpg | 2024/02/Productos_jumbo_cubo_de_retos_bajos_juegos_de_retos_juegos_infantiles.jpg | 2024/02/Productos_jumbo_ensueno_juegos_modulares_para_exterior_juegos_infantiles.jpg | 2024/02/Productos_jumbo_modulo_tematico_jirafa_juegos_infantiles.jpg | 2024/02/Productos_jumbo_montable_dino_verde_montables_juegos_infantiles.jpg | 2024/02/Productos_jumbo_montable_nessy_azul_montables_juegos_infantiles.jpg | 2024/02/Productos_jumbo_pasapies_juegos_de_retos_bajos_juegos_infantiles.jpg | 2024/02/Productos_jumbo_puente_colgante_retos_bajos_juegos_infantiles.jpg | 2024/02/Productos_jumbo_trepadero_T-rex_juegos_trepaderos_juegos_infantiles.jpg | 2024/02/Productos_jumbo_trepadero_chico_juegos_infantiles_para_interiores.jpg | 2024/02/Productos_jumbo_trepadero_cubo_de_red_juegos_trepaderos_juegos_infantiles.jpg | 2024/02/Productos_jumbo_trepadero_gr_juegos_infantiles_modulares_para_interiores.jpg | 2024/02/Productos_jumbo_trepadero_m_juegos_infantiles_modulares_para_interiores.jpg | 2024/02/Productos_jumbo_trepadero_triceraptop_juegos_tematicos_juegos_trepaderos.jpg | 2024/02/Productos_jumbo_tunel_infantil_azul_juegos_para_jardin_juegos_infantiles.jpg | 2026/03/EOS-PR-34-00-MODULO-ENSUENO.avif | 2026/07/Ensueno-EOS-PR-34-00-1.avif | 2026/07/Ensueno-EOS-PR-34-00-top.avif
28365	TEM-PL-15-20	Juego temático jirafa	publish	4	1	2	1	0	2026/03/TEM-PL-15-00-MODULO-TEMATICO-JIRAFA.avif | 2026/07/Juego-Tematico-Jirafa-TEM-PL-15-00-im.avif | 2026/07/Juego-Tematico-Jirafa-TEM-PL-15-00-top.avif | 2026/07/Juego-Tematico-Jirafa-TEM-PL-15-00.avif
28369	TEM-PL-16-20	Juego temático Zebra	publish	4	1	2	1	0	2026/03/TEM-PL-16-00-MODULO-TEMATICO-ZEBRA.avif | 2026/07/Juego-Tematico-Zebra-TEM-PL-16-00-1.avif | 2026/07/Juego-Tematico-Zebra-TEM-PL-16-00-im.avif | 2026/07/Juego-Tematico-Zebra-TEM-PL-16-00-top.avif
28398	TRE-CU-12-00	CUBO DE RETOS BAJOS	publish	1	1	0	0	0	2024/02/Productos_jumbo_cubo_de_retos_bajos_juegos_de_retos_juegos_infantiles.jpg
28399	PAS-PL-01-00	Pasapies	publish	1	1	0	1	0	2026/03/PAS-PL-01-00-PASAPIES.avif
28409	IRE-PL-11-00	MONTABLE NESSY	publish	1	1	0	0	0	2024/02/Productos_jumbo_montable_nessy_azul_montables_juegos_infantiles.jpg
28410	IRE-PL-10-00	MONTABLE DINO	publish	1	1	0	0	0	2024/02/Productos_jumbo_montable_dino_verde_montables_juegos_infantiles.jpg
28412	COL-MA-01-00	COLUMPIO DE MADERA	publish	1	1	0	0	0	2024/02/Productos_jumbo_columpio_de_madera_juegos_de_madera_juegos_infantiles.jpg
28647	EJE-BA-21-00	Private: Ejercitador barras paralelas	private	1	1	0	1	0	2024/03/productos_jumbo_ejercitador_barras-paralelas_doble.png
28651	EJE-ID-49-00	GIMNASIO GRANDE DE BARRAS AL AIRE LIBRE	publish	1	1	0	1	0	2024/03/gimnasio_grande_de-barras_al-aire_libre_productos_jumbo.png
28654	EJE-ID-50-00	Gimnasio mediano de barras al aire libre	publish	2	1	0	2	0	2024/03/gimnasio_mediano-de-barras_al-aire_libre_productos_jumbo.png | 2026/03/EJE-ID-50-00-GIMNASIO-MEDIANO-DE-BARRAS-AL-AIRE-LIBRE.avif
28664	EJE-ID-52-00	PARED MILITAR	publish	1	1	0	1	0	2024/03/pared_militar_para_obstaculos_productos_jumbo.png
28674	EJE-ID-05-01	EJERCITADOR BANCO ABDOMINAL HORIZONTAL	publish	1	1	0	1	0	2024/03/ejercitador_banco_abdominal_horizontal_productos_jumbo.png
28676	EJE-ID-06-00	Ejercitador Banco Abdominal Inclinado	publish	2	1	0	2	0	2024/03/EJE-EST-06-00-EJERCITADOR-BANCO-ABDOMINAL-INCLINADO.avif | 2024/03/ejercitador_banco_abdominal-inclinado_productos_jumbo.jpg
28678	CAN-00-03-00	Grua Canina	publish	2	1	0	2	0	2024/03/grua_canina_productos_jumbo.png | 2026/03/CAN-00-03-00-GRUA-CANINA.avif
29276	ARC-6472	Pista de Skate ARC-6472	publish	1	1	0	1	0	2024/07/Pista-de-Skate-ARC-6472.webp
29280	ARC-5911	Pista de Skate ARC-5911	publish	1	1	0	1	0	2024/07/Pista-de-Skate-ARC-5911.webp
29281	ARCPT-01	Speed ring	publish	1	1	0	1	0	2024/07/Speed-Ring.webp
29284	ARCPT-02	Triple Threat	publish	1	1	0	1	0	2024/07/Triple-Treat.webp
29373	CPL-124	BANCA GRAPA	publish	1	1	0	1	0	2024/08/Banca-Grapa-CPL-124.webp
29377	CPL-224	BANCA CUBO	publish	1	1	0	1	0	2024/08/Banco-Cubo-CPL-224-copia.webp
29380	CPL-324	BANCA LINGOTE	publish	1	1	0	1	0	2024/08/Banca-Lingote-CPL-324.webp
29383	CPL-424	MESA DE AJEDREZ DE CONCRETO	publish	1	1	0	1	0	2024/08/Mesa-de-Ajedrez-de-Concreto-CPL-424.webp
29757	CIR-00-14-00	GIMNASIO CALISTENIA C	publish	1	1	0	1	0	2024/11/gimnasio-calistenia-c.jpg
30487	KOM-COR203301-1101	Twister inclusivo	publish	1	1	0	1	0	2025/05/KOM-COR203301-1101.png
30490	KOM-ELE400024-3717F	Spinner bowl	publish	1	1	0	1	0	2025/05/KOM-ELE400024-3717F.png
30492	KOM-PCM157-0205	Carrusel inclusivo	publish	1	1	0	1	0	2025/05/KOM-PCM157-0205.png
30494	KOM-PCM153-0902	Carrusel 3 asientos	publish	1	1	0	1	0	2025/05/KOM-PCM153-0902.png
30496	KOM-PCM159-1001	Wehopper	publish	1	1	0	1	0	2025/05/KOM-PCM159-1001.png
30498	KOM-M98401-1011	Columpio péndulo	publish	1	1	0	1	0	2025/05/KOM-M98401-1011.png
30500	KOM-BLX410501-3717	Bloqx 5	publish	1	1	0	1	0	2025/05/KOM-BLX410501-3717.png
30502	KOM-GXY916021-3417	Supernova	publish	1	1	0	1	0	2025/05/KOM-GXY916021-3417.png
30504	KOM-PCM200432-0901	Mega deck doble con torre	publish	1	1	0	1	0	2025/05/KOM-PCM200432-0901.png
30506	KOM-CRP812001-0404	Domo sensorial	publish	1	1	0	1	0	2025/05/KOM-CRP812001-0404.png
30508	KOM-COR175101-0403	Mariposa, physical	publish	1	1	0	1	0	2025/05/KOM-COR175101-0403.png
30510	KOM-CRP812501-0404	Domo explorer	publish	1	1	0	1	0	2025/05/KOM-CRP812501-0404.png
30513	KOM-CRP810201-0903	Mini cúpula con tobogan	publish	1	1	0	1	0	2025/05/KOM-CRP810201-0903.png
30515	KOM-PCT310321-0901	Giant palacio l+xl & torre mediana	publish	1	1	0	1	0	2025/05/KOM-PCT310321-0901.png
30517	KOM-NRO2008-1001	El castillo de la bruja	publish	1	1	0	1	0	2025/05/KOM-NRO200801-1001.png
30519	KOM-NRO836-1201	Cupula jungla	publish	1	1	0	1	0	2025/05/KOM-NRO836-1201.png
30521	KOM-PCM112821-0901	Castillo con torre de vigía	publish	1	1	0	1	0	2025/05/KOM-PCM112821-0901.png
30523	KOM-PCM113221-0901	Barco man-o-war	publish	1	1	0	1	0	2025/05/KOM-PCM113221-0901.png
30525	KOM-KPL400722-0902	Cuatro torres con tobogan de tubo	publish	1	1	0	1	0	2025/05/KOM-KPL400722-0902.png
30527	KOM-PCM103031-0901	Torre de juego con rampa	publish	1	1	0	1	0	2025/05/KOM-PCM103031-0901.png
30529	KOM-PCM81121-0950	Duo climber	publish	1	1	0	1	0	2025/05/KOM-PCM81121-0950.png
30532	KOM-NRO2005-1001	Torre de los magos doble	publish	1	1	0	1	0	2025/05/KOM-NRO200501-1001.png
30534	KOM-NRO542-1021	Barco explorador mediano	publish	1	1	0	1	0	2025/05/KOM-NRO542-1021.png
30536	KOM-NRO854-1001	Parcour 9	publish	1	1	0	1	0	2025/05/KOM-NRO854-1001.png
30539	KOM-NRO865-1001	Parcour 6	publish	1	1	0	1	0	2025/05/KOM-NRO865-1001.png
30541	KOM-PCE305121-0603	Buscacaminos	publish	1	1	0	1	0	2025/05/KOM-PCE305121-0603.png
30543	KOM-M98301-1009	Columpio nido 360	publish	1	1	0	1	0	2025/05/KOM-M98301-1009.png
30545	KOM-FAZ20100-0900	Combi 1 cross training	publish	1	1	0	1	0	2025/05/KOM-FAZ20100-0900.png
30547	KOM-FAZ60300-0001	Prensa de piernas	publish	1	1	0	1	0	2025/05/KOM-FAZ60300-0001.png
30550	KOM-FAZ60100-0001	Prensa de pecho	publish	1	1	0	1	0	2025/05/KOM-FAZ60100-0001.png
30552	KOM-FAZ60600-0001	Banco de abdominales	publish	1	1	0	1	0	2025/05/KOM-FAZ60600-0001.png
30554	KOM-FAZ52100-0801	Bicicleta elíptica	publish	1	1	0	1	0	2025/05/KOM-FAZ52100-0801.png
30556	KOM-FAZ60200-0001	Jalón para espalda	publish	1	1	0	1	0	2025/05/KOM-FAZ60200-0001.png
30558	KOM-FAZ60400-0001	Prensa de hombros	publish	1	1	0	1	0	2025/05/KOM-FAZ60400-0001.png
30560	KOM-FAZ60500-0001	Remo horizontal	publish	1	1	0	1	0	2025/05/KOM-FAZ60500-0001.png
30562	KOM-FAZ60700-0001	Hiperextensor lumbar	publish	1	1	0	1	0	2025/05/KOM-FAZ60700-0001.png
30564	KOM-FAZ50100-0801	Bicicleta de ciudad	publish	1	1	0	1	0	2025/05/KOM-FAZ50100-0801.png
30731	MDA-PL-01-00	Juego Freya	publish	3	1	1	3	0	2025/07/freya-01.png | 2025/07/freya-02.png | 2026/03/MDA-PL-01-00-MODULO-FREYA.avif
30734	MDA-PL-02-00	Juego Magni	publish	3	1	1	3	0	2025/07/MAGNI-1.png | 2025/07/MAGNI-2.png | 2026/03/MDA-PL-02-00-MODULO-MAGNI.avif
31943	MUS-CV-03-00	Juego Musical B01	publish	1	1	0	1	0	2026/02/juego-musical-b01.avif
31946	MUS-CV-02-00	Juego Musical PE-D01-A	publish	1	1	0	1	0	2026/02/juego-musical-pe-d01-a.avif
31948	ZHEJU-047A	Juego 047A	publish	1	1	0	1	0	2026/02/modulo-047a.avif
31951	WH-BRITANIA-G	Juego BRITANIA GRIS	publish	1	1	0	1	0	2026/02/modulo-britania-gris.avif
31953	WH-BARCOP	Juego BARCO PIRATA	publish	1	1	0	1	0	2026/02/modulo-barco-pirata.avif
31956	WH-PARMA	Juego PARMA	publish	1	1	0	1	0	2026/02/modulo-parma.avif
31958	WH-BARCELONA-GR	Juego BARCELONA	publish	1	1	0	1	0	2026/02/modulo-barcelona-wh.avif
31960	ZHEJU-125A	Juego 125A	publish	1	1	0	1	0	2026/02/modulo-125a.avif
32083	WH-TAN	Juego Tan	publish	1	1	0	0	0	2026/03/modulo-tan.avif
32088	WH-IRE07	Montable Surfboard	publish	1	1	0	0	0	2026/03/montable-surfboard-scaled.avif
32089	OKOK-N01	EJERCITADOR CINTURA Y ESCALERAS OK	publish	1	1	0	0	0	2026/03/productos_jumbo_ejercitador_cintura_y_escalera_exterior_okstar.avif
32090	OKST-T01X	Taiji Pushing	publish	1	1	0	0	0	2026/03/taiji-pushing.avif
32097	GIR-PL-03-00	GIRATORIO ODÍN	publish	1	1	0	1	0	2026/03/GIR-PL-03-00-GIRATORIO-ODIN.avif
32099	GIR-PL-04-00	GIRATORIO SAGA	publish	1	1	0	1	0	2026/03/GIR-PL-04-00-GIRATORIO-SAGA.avif
32101	MES-MA-01-00	MESA CIRCULAR PARA ARBOL	publish	1	1	0	1	0	2026/03/MES-MA-01-00-MESA-CIRCULAR-PARA-ARBOL.avif
32103	MES-PM-03-00	MESAPICNIC CHESTER	publish	1	1	0	1	0	2026/03/MES-PM-03-00-MESAPICNIC-CHESTER.avif
32105	MES-LP-07-00	MESA PICNIC TRIX	publish	1	1	0	1	0	2026/03/MES-LP-07-00-MESA-PICNIC-TRIX.avif
32107	MES-LP-04-01	MESA MOEBIUS CON COLUMPIOS EN PLASTIMADERA	publish	1	1	0	1	0	2026/03/MES-LP-04-01-MESA-MOEBIUS-CON-COLUMPIOS-EN-PLASTIMADERA.avif
32109	APA-00-13-00	APARCABICICLETAS RUDY	publish	1	1	0	1	0	2026/03/APA-00-13-00-APARCABICICLETAS-RUDY.avif
32111	BUS-00-02-00	PARABUS ZAMBA	publish	1	1	0	1	0	2026/03/BUS-00-02-00-PARABUS-ZAMBA.avif
32113	MOB-CV-12	LUMINARIA NAVAL 2.20	publish	1	1	0	1	0	2026/03/MOB-CV-12-LUMINARIA-NAVAL-2.20.avif
32115	PIL-CV-01-00	LUMINARIA VELA 2.20	publish	1	1	0	1	0	2026/03/PIL-CV-01-00-LUMINARIA-VELA-2.20.avif
32117	PIL-CV-02-00	LUMINARIA VELA 2.60	publish	1	1	0	1	0	2026/03/PIL-CV-02-00-LUMINARIA-VELA-2.60.avif
32119	TIR-00-01-00	TIROLESA	publish	1	1	0	1	0	2026/03/TIR-00-01-00-TIROLESA.avif
32121	EOS-MA-03-00	Juego DE MADERA BASICO	publish	1	1	0	1	0	2026/03/EOS-MA-03-00-MODULO-DE-MADERA-BASICO.avif
32123	JAI-219	CAÑON DE AGUA	publish	1	1	0	1	0	2026/03/JAI-219-CANON-DE-AGUA.avif
32125	JAI-319	CUBETAS DE VOLTEO	publish	1	1	0	1	0	2026/03/JAI-319-CUBETAS-DE-VOLTEO.avif
32127	LEPDM-AMA	TOP-IT-TOPE DE CONTENSION	publish	1	1	0	1	0	2026/03/LEPDM-AMA-TOP-IT-TOPE-DE-CONTENSION.avif
32129	LETDM-AMA	TARDO MODULAR	publish	1	1	0	1	0	2026/03/LETDM-AMA-TARDO-MODULAR.avif
32131	LEPDM-MAC	TARDO CABECERO MACHO	publish	1	1	0	1	0	2026/03/LEPDM-MAC-TARDO-CABECERO-MACHO.avif
32133	LEPDM-HEM	TARDO CABECERO HEMBRA	publish	1	1	0	1	0	2026/03/LEPDM-HEM-TARDO-CABECERO-HEMBRA.avif
32204	OKST-J02X	EJERCITADOR POTRO	publish	4	1	0	4	0	2026/03/ejercitador_de_brazos_okstar_gimnasio_parques.avif | 2026/03/ejercitador_pecho_okstar_gimnasios_exterior.avif | 2026/03/ejercitador_potro_exterior_okstar.avif | 2026/03/ejercitador_surfeadora_exterior_okstar.avif
32209	OKST-C01X	EJERCITADOR SURFER OK DOBLE	publish	1	1	0	0	0	2026/03/ejercitador_surfeadora_exterior_okstar.avif
32210	OKST-Z04X	EJERCITADOR BRAZOS OK DOBLE	publish	1	1	0	0	0	2026/03/ejercitador_de_brazos_okstar_gimnasio_parques.avif
32212	OKST-Z03X	EJERCITADOR DE PECHO OK DOBLE	publish	1	1	0	0	0	2026/03/ejercitador_pecho_okstar_gimnasios_exterior.avif
32216	OKST-S03X-VI	BARRAS PARALELAS	publish	1	1	0	0	0	2025/02/ST-S03X-IS.png
32224	OKST-M04X-VI	CAMINADORA	publish	1	1	0	0	0	2025/02/ST-M04X-IS.png
32225	OKST-C01X-VI	SURFEANDO	publish	1	1	0	0	0	2025/02/ST-C01X-IS.png
32226	OKST-Z03X-VI	EJERCITADOR DE PECHO	publish	1	1	0	0	0	2025/02/ST-Z03X-IS.png
32263	OKST-M04X	EJERCITADOR CAMINADORA OK	publish	1	1	0	0	0	2026/04/OKST-M04X-1.avif
32264	OKOK-H01	EJERCITADO REMADORA OK	publish	1	1	0	0	0	2026/04/OKOK-H01-1.avif
32265	OKST-T08X	EJERCITADOR ELIPTICA OK	publish	1	1	0	0	0	2026/04/OKST-T08X-1.avif
32266	OKOK-Z08A	EJERCITADOR BICICLETA OK	publish	1	1	0	0	0	2026/04/OKOK-Z08A-1.avif
32267	OKST-F01X	EJERCITADOR ABDOMINALES OK DOBLE	publish	1	1	0	0	0	2026/04/OKST-F01X-1.avif
32268	OKST-Z05X	EJERCITADOR MOVIMIENTO DE CINTURA TRIPLE	publish	1	1	0	0	0	2026/04/OKST-Z05X-1.avif
32269	OKST-Z01X	EJERCITADOR DE PIERNAS OK DOBLE	publish	1	1	0	0	0	2026/04/OKST-Z01X-1.avif
32270	OKST-S03X	EJERCITADOR BARRAS PARALELAS OK DOBLE	publish	1	1	0	0	0	2026/04/OKST-S03X-1.avif
32271	EDU-PL-01-00	PANEL CUENTA CONMIGO	publish	1	1	0	0	0	2026/04/EDU-PL-01-00-1.avif
32272	EDU-PL-02-00	PANEL CUENTA FICHAS (1-5)	publish	1	1	0	0	0	2026/04/EDU-PL-02-00-1.avif
32273	EDU-PL-03-00	PANEL CUENTA FICHA (6-10)	publish	1	1	0	0	0	2026/04/EDU-PL-03-00-1.avif
32274	EDU-PL-04-00	PANEL CUENTA FICHA (0-5)	publish	1	1	0	0	0	2026/04/EDU-PL-04-00-1.avif
32275	EDU-PL-06-00	PANEL DELETREA	publish	1	1	0	0	0	2026/04/EDU-PL-06-00-1.avif
32276	EDU-PL-07-00	PANEL CREA PALABRAS	publish	1	1	0	0	0	2026/04/EDU-PL-07-00-1.avif
32277	EDU-PL-08-00	Juego D_LETREA	publish	1	1	0	0	0	2026/04/EDU-PL-08-00-1.avif
32278	EDU-PL-05-00	Juego OPERACIONES	publish	1	1	0	0	0	2026/04/EDU-PL-05-00-1.avif
32279	EDU-PL-09-00	TOTEM CUADRADO	publish	1	1	0	0	0	2026/04/EDU-PL-09-00-1.avif
32280	EDU-PL-10-00	TOTEM HEXAGONAL	publish	1	1	0	0	0	2026/04/EDU-PL-10-00-1.avif
32296	BAN-PM-01-00	BANCA FUJI A	publish	1	1	0	0	0	2026/04/BAN-PM-01-00-BANCA-FUJI-A-1-1.avif
32297	MEC-CR-06-00	VERONA	publish	2	1	1	0	0	2026/07/Juego-Verona-EOS-PR-01-02-top.avif | 2026/07/Juego-Verona-EOS-PR-01-02.avif
32302	BAN-PM-01-01	BANCA FUJI B	publish	1	1	0	0	0	2026/04/BAN-PM-01-01-BANCA-FUJI-B-1-1.avif
32303	MER-PR-05-00	Juego BRITANIA	publish	3	1	2	0	0	2026/07/Juego-Britania-EOS-CR-02-03-1.avif | 2026/07/Juego-Britania-EOS-CR-02-03-im.avif | 2026/07/Juego-Britania-EOS-CR-02-03-top.avif
32304	MEC-CR-02-00	Juego ESPAÑA	publish	2	1	1	0	0	2026/07/Juego-Espana-EOS-CR-03-03-1.avif | 2026/07/Juego-Espana-EOS-CR-03-03-top.avif
32305	MEV-CR-01-00	Juego IBIZA	publish	2	1	1	0	0	2026/07/Juego-Ibiza-IOS-PR-01-04-top.avif | 2026/07/Juego-Ibiza-IOS-PR-01-04.avif
32318	EJE-EST-05-00	EJERCITADOR AROS CORTO Y 2 POSTES	publish	1	1	0	0	0	2026/04/EJE-EST-05-00-EJERCITADOR-AROS-CORTO-Y-2-POSTES-1-1.avif
32319	EJE-EST-09-00	EJERCITADOR BARRAS DOMINADAS Y DOS POSTES	publish	1	1	0	1	0	2026/04/EJE-ID-22-00.png
32320	EJE-EST-10-00	EJERCITADOR BARRAS DE ESTIRAMIENTO	publish	1	1	0	0	0	2026/04/EJE-EST-10-00-EJERCITADOR-BARRAS-DE-ESTIRAMIENTO-1-1.avif
32321	EOS-IN-04-01	Juego INDIANA INCLUSIVO	publish	1	1	0	0	0	2026/07/Juego-Indiana-Inclusivo-EOS-IN-04-00-1.avif
32322	MEC-CR-08-00	Juego MAINE INCLUSIVO	publish	2	1	1	0	0	2026/07/Juego-Maine-Inclusivo-EOS-IN-05-02-Top.avif | 2026/07/Juego-Maine-Inclusivo-EOS-IN-05-02.avif
32323	MER-PR-03-00	Juego CALIFORNIA	publish	2	1	1	0	0	2026/07/Juego-California-EOS-PR-08-02-top.avif | 2026/07/Juego-California-EOS-PR-08-02.avif
32324	MER-PR-04-00	Juego PARIS	publish	2	1	1	0	0	2026/07/Juego-Paris-MER-PR-04-00-top.png | 2026/07/Juego-Paris-MER-PR-04-00.avif
32325	MER-PR-08-00	Juego RANDOLPH	publish	2	1	1	0	0	2026/07/Juego-Randolph-EOS-PR-11-02-1.avif | 2026/07/Juego-Randolph-EOS-PR-11-02-TOP.avif
32326	MER-PR-01-00	Juego ARKANSAS	publish	2	1	1	0	0	2026/07/Juego-Arkansas-EOS-PR-15-03-1.avif | 2026/07/Juego-Arkansas-EOS-PR-15-03-top.avif
32327	MEV-CR-02-00	Juego PARMA	publish	3	1	2	0	0	2026/07/Juego-Parma-EOS-PR-19-02-im.avif | 2026/07/Juego-Parma-EOS-PR-19-02-top.avif | 2026/07/Juego-Parma-EOS-PR-19-02.avif
32328	MEC-CR-07-00	Juego IMPERIO	publish	2	1	1	0	0	2026/07/Juego-Imperio-TEM-PR-06-05-1.avif | 2026/07/Juego-Imperio-TEM-PR-06-05-top.avif
32329	TEM-PR-07-20	Juego TREN	publish	3	1	2	0	0	2026/07/Juego-Tren-TEM-PR-07-01-1.avif | 2026/07/Juego-Tren-TEM-PR-07-01-im.avif | 2026/07/Juego-Tren-TEM-PR-07-01-top.avif
32334	APA-00-10-00	APARCABICICLETAS ANGULAR	publish	1	1	0	0	0	2026/05/APA-00-10-00-1.avif
32337	EJE-EST-07-00	EJERCITADOR BARRAS PARALELAS Y 2 POSTES	publish	1	1	0	0	0	2026/04/EJE-EST-07-00-2.avif
32338	EJE-IN-01-00	EJERCITADOR DOMINADAS BARRAS DOBLE INCLUSIVO	publish	1	1	0	0	0	2026/04/EJE-IN-01-00-2.avif
32423	EJE-EST-10-00	EJERCITADOR BARRAS DE ESTIRAMIENTO	publish	1	1	0	1	0	2026/05/EJE-EST-10-00-EJERCITADOR-BARRAS-DE-ESTIRAMIENTO.avif
32713	EVA-PR-02-00	Juego Atraction Basic	publish	1	1	0	0	0	2026/07/Juego-Atraction-Basic-EVA-PR-02-00.avif
32728	EOS-CR-01-00	Juego BARCELONA (EOS-CR-01-00)	publish	4	1	0	4	0	2026/07/EOS-CR-01-00-scaled.jpg | 2026/07/EOS-PR-01-02.png | 2026/07/EOS-PR-10-01.png | 2026/07/TDF-00-01-00.png
32733	TDF-00-01-00	Juego VIZCAYA (TDF-00-01-00)	publish	1	1	0	0	0	2026/07/TDF-00-01-00.png
