product_id	product_name	product_slug	post_status	post_date	post_modified	sku	description_chars	short_description_chars	thumbnail_id	gallery_image_ids
5940	Ejercitador Eliptica Balance	eliptica-sencilla-balance	private	2020-12-28 15:37:32	2024-03-25 18:34:05	EJE-BA-08-00	1183	1421	28687	
5996	Ejercitador De Pecho Balance	pecho-sencillo	private	2020-12-28 23:56:10	2024-03-25 18:41:31	EJE-BA-11-00	1130	1439	28689	
6034	Ejercitador Potro Balance	potro-sencillo	private	2020-12-29 16:48:05	2024-03-25 18:28:24	EJE-BA-06-00	1194	2611	28685	
6037	Ejercitador Remadora Balance	remadora-sencilla	private	2020-12-29 16:51:11	2024-03-25 18:43:54	EJE-BA-12-00	1172	2632	28690	
6041	Ejercitador Caminadora Balance	caminadora-sencilla	private	2020-12-29 16:54:30	2024-03-25 18:30:18	EJE-BA-07-00	1146	1433	28686	20147
6045	Ejercitador Bicicleta Balance	bicicleta-sencilla	private	2020-12-29 16:58:38	2024-03-25 18:46:13	EJE-BA-15-00	1135	1422	28691	
6047	Ejercitador Abdominales Balance	ejercitador-abdominales	private	2020-12-29 17:00:06	2024-05-16 16:17:41	EJE-BA-01-00	1073	2647	29018	
6082	Juego Verona (EOS-511 7.0)	verona	draft	2020-12-29 17:54:30	2026-07-15 18:47:06	EOS-PR-01-00	1203	1429	25992	
6088	Juego Ibiza (IOS-PR-01-00)	ibiza	draft	2020-12-29 17:59:43	2026-07-15 18:47:06	IOS-PR-01-00	1221	1429	28151	
6101	Juego Gordon (EOS-PR-06-00)	gordon	private	2020-12-29 18:06:46	2026-07-15 18:47:07	EOS-PR-06-00	1339	2679	28152	
6113	Juego SIENA	siena	publish	2020-12-29 18:16:33	2026-07-17 19:18:29	MEC-CR-05-00	1281	2179	28170	
6115	Juego New Jersey (IOS-115 7.0)	new-jersey	private	2020-12-29 18:22:01	2026-07-15 18:47:09	IOS-PR-02-00	1143	1428	31238	21911,21912
6122	Juego Sevilla compuesto plástico reforzado (TDF-104 9.0)	sevilla	publish	2020-12-29 18:33:49	2026-07-15 18:47:09	TDF-CR-03-00	1203	1428	31059	
6154	Juego Valladolid	valladolidv1	private	2020-12-29 18:55:32	2026-07-15 18:47:10	TDF-CR-05-01	1194	1431	29292	21924
6156	EJERCITADOR BRAZOS FORTE	forte-ejercitador-de-brazos	publish	2020-12-29 18:57:15	2026-03-26 16:32:46	EJE-FO-10-00	0	2633	6158	22006
6181	EJERCITADOR SURFER FORTE	forte-surfer	publish	2020-12-29 19:14:11	2026-03-26 16:32:44	EJE-FO-05-00	1110	2633	25475	22002
6185	EJERCITADOR DE PIERNAS FORTE	forte-piernas	publish	2020-12-29 19:25:39	2026-03-26 16:32:46	EJE-FO-09-00	0	2633	6186	21998
6187	EJERCITADOR PECHO FORTE	forte-ejercitador-de-pecho	publish	2020-12-29 19:54:08	2026-03-26 16:32:46	EJE-FO-11-00	0	1425	6189	22000
6190	EJERCITADOR ELIPTICA FORTE	forte-eliptica	publish	2020-12-29 20:51:59	2026-03-26 16:32:45	EJE-FO-08-00	0	2633	22004	
6192	EJERCITADOR CAMINADORA FORTE	forte-caminadora	publish	2020-12-29 20:53:08	2026-04-27 16:47:00	EJE-FO-07-00	0	2625	32185	22001
6194	EJERCITADOR MOVIMIENTO DE CINTURA FORTE	forte-cintura	publish	2020-12-29 20:55:03	2026-03-26 16:32:44	EJE-FO-03-00	0	2633	22012	22013
6197	EJERCITADOR BRAZOS Y MUÑECAS FORTE	forte-brazos-y-munecas	publish	2020-12-29 20:56:46	2026-03-26 16:32:44	EJE-FO-04-00	0	1436	6198	22011
6199	EJERCITADOR POTRO FORTE	forte-potro	publish	2020-12-29 20:58:04	2026-03-26 16:32:45	EJE-FO-06-00	0	1425	25473	22008
6201	EJERCITADOR BARRAS PARALELAS FORTE	forte-barras-paralelas	publish	2020-12-29 20:59:11	2026-03-26 16:32:43	EJE-FO-02-00	1200	1436	6202	22009
6203	EJERCITADOR ABDOMINALES FORTE	forte-abdominales	publish	2020-12-29 21:01:31	2026-03-26 16:32:43	EJE-FO-01-00	0	2633	25476	
6205	BOTE TOKYO	tokyo	publish	2020-12-29 21:06:35	2026-03-26 16:32:15	BOT-LP-07-00	0	1296	22586	
6207	BOTE CENTRO HISTORICO	bote-centro-historico	publish	2020-12-29 21:16:20	2026-03-26 16:32:15	BOT-00-01-00	0	1322	22597	
6210	BOTE GRIJALVA	bote-grijalva	publish	2020-12-29 21:25:07	2026-03-26 16:32:14	BOT-LP-03-00	0	1322	24906	
6218	BOTE MOSCOVA	bote-moscova	publish	2020-12-29 21:42:57	2026-04-27 16:46:49	BOT-00-03-00	0	1322	32097	
6220	EJERCITADOR BARRAS PARALELAS CURVAS	barras-paralelas-curvas	publish	2020-12-29 21:43:18	2026-03-26 16:32:47	EJE-ID-03-00	0	1424	6221	
6230	BOTE OKA	bote-oka-troquelada	publish	2020-12-29 21:53:16	2026-03-26 16:32:13	BOT-LP-02-00	0	1323	19390	
6233	EJERCITADOR BARRAS	conjunto-de-barras	publish	2020-12-29 21:54:47	2026-03-26 16:32:47	EJE-ID-07-00	0	1424	6237	
6236	BOTE KUMA	bote-kuma	publish	2020-12-29 21:56:24	2026-03-26 16:32:16	BOT-00-02-00	0	1321	22591	
6243	BOTE GRIJALVA DOBLE	bote-grijalva-doble	publish	2020-12-29 22:03:27	2026-03-26 16:32:14	BOT-LP-03-01	0	1342	24905	
6247	BOTE ZAIRE	bote-zaire	publish	2020-12-29 22:07:18	2026-03-26 16:32:15	BOT-LP-05-00	0	1342	22596	
6249	Ejercitador Aros Corto Y 2 Postes (AID-118)	aros-cortos-y-2-postes	draft	2020-12-29 22:08:07	2026-04-27 16:47:14	EJE-ID-10-00	0	1381	6252	
6251	BOTE RIN	bote-rin	publish	2020-12-29 22:09:47	2026-04-27 16:46:48	BOT-LP-04-00	0	207	32096	
6254	EJERCITADOR AROS LARGO Y 2 POSTES	aros-largos-y-2-postes	publish	2020-12-29 22:10:49	2026-04-27 16:47:01	EJE-ID-11-00	0	184	6258	
6255	BOTE RIN DOBLE	bote-rin-doble	publish	2020-12-29 22:11:24	2026-03-26 16:32:14	BOT-LP-04-01	0	1342	6806	
6256	BOTE RIN TRIPLE	bote-rin-triple	publish	2020-12-29 22:12:25	2026-03-26 16:32:14	BOT-LP-04-02	0	1306	6807	23295
6259	Ejercitador Barras De Estiramiento Y 4 Postes (AID-1518)	barras-de-estiramiento-y-4-postes	publish	2020-12-29 22:15:19	2023-03-13 21:44:14	EJE-ID-12-00	0	1397	6262	
6260	BOTE PARANA	bote-parana	publish	2020-12-29 22:15:26	2026-03-26 16:32:13	BOT-LP-01-00	0	1322	29537	
6264	BOTE MISISIPI	bote-misisipi	publish	2020-12-29 22:18:24	2026-03-26 19:42:02	BOT-LP-05-01	0	2626	6266	
6267	BOTE CUADRADO	bote-cuadrado	publish	2020-12-29 22:19:54	2026-03-26 16:32:16	BOT-00-05-00	0	2615	6270	
6271	BOTE CIRCULAR	bote-circular-con-madera	publish	2020-12-29 22:21:17	2026-03-26 16:32:16	BOT-PM-01-00	0	1498	22603	
6278	BOTE ONON	bote-onon	publish	2020-12-29 22:22:39	2026-03-26 16:32:17	BOT-PL-01-00	0	1322	6280	
6283	BANCA HIMALAYA	banca-himalaya	publish	2020-12-29 22:25:41	2026-03-26 16:32:18	BAN-00-09-00	0	1388	25973	
6285	Ejercitador Pasamanos Y 6 Postes	pasamanos-y-6-postes	publish	2020-12-29 22:26:14	2026-02-26 22:34:08	EJE-EST-02-00	0	1384	32104	
6288	BANCA EVEREST	banca-everest	publish	2020-12-29 22:28:02	2026-03-26 16:32:19	BAN-LP-07-00	0	1425	6290	
6293	BANCA PMP PLASTIMADERA	banca-pmp	publish	2020-12-29 22:29:29	2026-03-26 16:32:21	BAN-PP-01-00	0	1652	30670	
6299	BANCA TÁCANA	banca-tacana	publish	2020-12-29 22:32:30	2026-03-26 16:32:18	BAN-PM-04-00	1159	1649	20089	22027
6310	Ejercitador Barras Dominadas Y 2 Postes (AID-1218)	barras-dominadas-y-2-postes	publish	2020-12-29 22:38:09	2023-03-13 21:40:12	EJE-ID-22-00	0	1385	6313	
6312	BANCA CIRCULAR	banca-curva	publish	2020-12-29 22:39:39	2026-03-26 16:32:19	BAN-LP-06-00	0	1466	6317	
6318	BANCA LOA LAMINA	banca-con-perfiles	publish	2020-12-29 22:41:26	2026-03-26 16:32:17	BAN-00-01-00	0	2587	22625	
6324	BANCA LOA PLASTIMADERA	banca-loa-b	publish	2020-12-29 22:45:24	2026-03-26 19:42:02	BAN-PP-08-00	1130	1591	6325	22028,22029
6330	BANCA AKIER	banca-akier	publish	2020-12-29 22:48:12	2026-03-26 16:32:20	BAN-LP-04-00	0	1427	29340	
6335	BANCA PALERMO	banca-palermo	publish	2020-12-29 22:50:12	2026-03-26 16:32:19	BAN-LP-03-00	0	1429	22631	
6337	Ejercitador Barras Paralelas Y 2 Postes (AID-1818)	barras-paralelas-y-2-postes	draft	2020-12-29 22:51:31	2026-04-27 16:47:14	EJE-ID-28-00	0	1385	6342	
6341	BANCA LOGAN INCLUSIVA	banca-logan	publish	2020-12-29 22:54:00	2026-03-26 16:32:20	BAN-IN-01-00	1129	1670	6813	
6345	Ejercitador Barras Dominadas Y 3 Postes (AID-1918)	barras-dominadas-y-3-postes	private	2020-12-29 22:56:24	2023-03-13 21:31:44	EJE-ID-30-00	0	1385	6347	
6346	BANCA ALPES	banca-alpes	publish	2020-12-29 22:56:44	2026-03-26 16:32:17	BAN-00-07-00	0	1376	6348	22191
6350	BANCA PISSIS	banca-pissis	publish	2020-12-29 22:58:41	2026-03-26 16:32:18	BAN-00-05-00	0	1454	20996	
6353	EJERCITADOR JUMP BOX	jump-box	publish	2020-12-29 23:00:05	2026-03-26 16:32:48	EJE-ID-32-00	0	1422	6355	
6354	BANCA BARCENA	banca-barcena	publish	2020-12-29 23:00:53	2026-03-26 16:32:20	BAN-PM-07-00	1244	1659	6814	22039
6360	BANCA PARA BOLERO	banca-para-bolero	publish	2020-12-29 23:04:58	2026-03-26 16:32:20	BAN-PM-05-00	0	1646	6362	
6361	CIRCUITO CALISTENIA BASICO	conjunto-calistenia-basico	publish	2020-12-29 23:05:04	2026-04-27 16:47:04	CIR-00-02-00	1257	2726	32186	23288,23289,23290,23291
6364	CIRCUITO CALISTENIA COMPLETO	conjunto-calistenia-completo	publish	2020-12-29 23:06:49	2026-04-27 16:47:04	CIR-00-03-00	1429	1473	32187	
6370	MESA RODAS CON TECHO CIRCULAR	mesa-rodas-con-techo-circular	publish	2020-12-29 23:10:52	2026-05-07 18:58:39	MES-LP-05-00	0	1437	6371	
6374	BANCA PUMORI PLASTIMADERA	banca-pumori	publish	2020-12-29 23:14:48	2026-03-26 16:32:21	BAN-PP-03-00	1124	1680	20713	
6389	BANCA VELETA	banca-veleta	publish	2020-12-29 23:30:09	2026-03-26 16:32:21	BAN-00-02-00	0	1377	25965	23293,23292
6390	BANCA MIKENO	banca-mikeno	publish	2020-12-29 23:32:21	2026-03-26 16:32:21	BAN-PP-09-00	0	1658	6391	22034,22035
6392	CIRCUITO CROSS-FIT	conjunto-crossfit	publish	2020-12-29 23:33:34	2026-03-26 16:32:49	CIR-00-04-00	1189	2690	6396	22137
6400	BANCA TINDAYA SIN RESPALDO	banca-aneto	publish	2020-12-29 23:37:48	2026-03-26 16:32:21	BAN-MS-03-01	0	1653	6402	
6401	CIRCUITO PARA DEPORTES	conjunto-para-deportes	publish	2020-12-29 23:38:15	2026-03-26 16:32:50	CIR-00-06-00	1192	2693	6404	
6405	CIRCUITO DE EJERCICIOS BASIC	conjunto-de-ejercicios-basic	publish	2020-12-29 23:40:00	2026-03-26 16:32:49	CIR-00-07-00	1081	2690	6409	
6411	CIRCUITO DE EJERCICIOS COMPLETO	conjunto-de-ejercicios-complete	publish	2020-12-29 23:42:59	2026-03-26 16:32:50	CIR-00-08-00	1282	2695	6415	
6414	BANCA VINSONS	banca-vinsons	publish	2020-12-29 23:44:42	2026-04-27 16:46:50	BAN-CR-01-00	0	1338	6417	
6416	CIRCUITO DE EJERCICIOS	circuito-de-ejercicios	publish	2020-12-29 23:45:36	2026-04-27 16:47:04	CIR-00-09-00	1158	2682	32106	
6423	CIRCUITO HEXÁGONO DE EJERCICIO	hexagono-de-ejercicios	publish	2020-12-29 23:50:01	2026-03-26 16:32:51	CIR-00-10-00	1128	2690	6424	22139,22140
6425	CIRCUITO NINJA	conjunto-ninja	publish	2020-12-29 23:55:51	2026-04-27 16:47:05	CIR-00-11-00	1258	2684	32107	
6426	BANCA DEVI	banca-devi	publish	2020-12-29 23:56:18	2026-03-26 16:32:22	BAN-CR-02-00	0	1328	22634	
6429	MESA DE PICNIC	mesa-picnic	publish	2020-12-29 23:59:05	2026-03-26 16:32:22	MES-PP-03-00	1169	1613	25976	21797
6431	MESA DE PICNIC PLASTIMADERA	mesa-de-pic-nic	publish	2020-12-30 00:02:29	2026-04-27 16:46:50	MES-PM-01-00	0	2885	32181	
6433	MESA NUPTSE	mesa-nuptse	publish	2020-12-30 00:04:37	2026-03-26 16:32:24	MES-LP-03-00	0	2636	6434	
6435	MESA KENYA	mesa-kenia	publish	2020-12-30 00:06:07	2026-03-26 16:32:23	MES-LP-02-00	0	2632	29345	
6436	MESA KENYA CON SOMBRILLA	mesa-kenia-v1	publish	2020-12-30 00:08:03	2026-03-26 16:32:23	MES-LP-02-01	0	2638	29344	
6438	MESA KENYA PLASTIMADERA	mesa-kenia-plastimadera	publish	2020-12-30 00:09:56	2026-03-26 16:32:24	MES-PM-02-00	0	2819	6440	
6441	MESA DE PICNIC INCLUSIVA	mesa-de-picnic-inclusiva	publish	2020-12-30 00:11:51	2026-03-26 16:32:22	MES-IN-01-00	1121	2893	6442	
6443	MESA PICNIC JAYA	mesa-jaya	publish	2020-12-30 00:14:35	2026-03-26 16:32:23	MES-LP-06-00	0	2640	6444	
6445	APARCABICICLETA ONE RECTANGULAR	aparcabicicletas	publish	2020-12-30 00:16:23	2026-03-26 16:32:25	APA-00-05-00	0	1452	6447	
6448	APARCABICICLETA SIX ONDULADO	aparcabicicletas-six-ondulado-2	publish	2020-12-30 00:19:28	2026-03-26 16:32:26	APA-00-06-00	0	1431	22637	
6465	EJERCITADOR BARRA DE PESAS	barra-de-pesas	publish	2020-12-30 15:26:41	2026-03-26 16:32:52	EJE-PE-01-00	0	2643	6468	
6467	APARCABICICLETA ONE CURVO	aparcabicicletas-3	publish	2020-12-30 15:39:51	2026-03-26 16:32:25	APA-00-01-00	0	1420	22639	
6470	EJERCITADOR PECHO Y ESPALDA CON PESAS	pecho-y-espalda-con-pesas-ambar	publish	2020-12-30 15:42:15	2026-03-26 16:32:52	EJE-PE-02-00	0	2632	6477	
6472	APARCABICICLETA ONE SEMIONDULADO	aparcabicicletas-8	publish	2020-12-30 15:45:37	2026-03-26 16:32:26	APA-00-03-00	0	1329	6473	
6474	APARCABICICLETA THREE TRIANGULAR	aparcabicicletas-9	publish	2020-12-30 15:48:00	2026-03-26 16:32:26	APA-00-07-00	0	1420	6475	
6482	SEÑALETICA ARBOL	senaletica-3	publish	2020-12-30 15:53:09	2026-03-26 16:32:28	SEÑ-00-13-00	0	1364	25967	
6484	SEÑALETICA CUBICA	senaletica-4	publish	2020-12-30 15:56:09	2026-03-26 16:32:27	SEÑ-00-04-00	0	1364	6485	
6486	SEÑALETICA BASTON	senaletica-5	publish	2020-12-30 15:57:39	2026-03-26 16:32:27	SEÑ-00-03-00	0	1356	6487	
6488	Señalética Bandera (ESI-312)	senaletica-6	publish	2020-12-30 15:59:18	2022-12-28 22:43:00	SEÑ-00-05-00	0	1356	32098	
6490	SEÑALETICA VERTICAL	senaletica-7	publish	2020-12-30 16:01:11	2026-03-26 16:32:27	SEÑ-00-06-00	0	1354	6491	
6494	COLUMPIO CON CAMASTRO DE PLASTIPANEL	columpio-hamaca-doble	publish	2020-12-30 16:07:20	2026-03-26 16:32:08	COL-IN-03-00	0	1428	25949	24763,24554
6506	Maceta Asimetrica Chica	maceta-geometrica-chica	publish	2020-12-30 16:28:45	2026-05-07 18:58:43	MMA-117	0	2582	6825	22650
6507	Maceta Geometrica Grande	maceta-geometrica-grande	publish	2020-12-30 16:53:44	2026-05-07 18:58:42	MMA-217	0	2583	6508	22651
6509	Maceta Geométrica Megagrande	mega-maceta-geometrica	publish	2020-12-30 16:55:00	2026-05-07 18:58:42	MMA-118	0	1297	6510	22652
6513	Banca Loa Inox	banca-loa-inox	draft	2020-12-30 17:00:12	2026-03-31 17:56:13	INOX-517B	0	2539	6514	
6520	BOTE GRIJALVA DOBLE CON TAPA	bote-inox	publish	2020-12-30 17:15:20	2026-05-07 18:58:39	BOT-IX-02-00	0	2598	6521	
6526	Banca Tikal	banca-tikal	publish	2020-12-30 17:19:15	2023-06-15 23:23:48	CMT-118B	0	1346	32100	21811
6528	Banco Angkor	banco-angkor	publish	2020-12-30 17:21:12	2023-06-15 21:41:22	CMT-218B	0	1304	32101	
6531	BOLARDO METALICO	bolardo-completo	publish	2020-12-30 17:34:43	2026-04-27 16:46:53	BOL-00-01-00	0	1257	32102	
6536	EJERCITADOR MUÑECAS DOBLE INCLUSIVO	doble-ejercitador-de-munecas-dc-inclusivo	publish	2020-12-30 17:40:41	2026-03-26 16:32:54	EJE-IN-02-00	0	2691	6542	21954
6538	BOLARDO TRIANGULAR	bolardo-1	publish	2020-12-30 17:42:34	2026-03-26 16:32:32	BOL-00-03-00	0	1250	6539	
6540	BOLARDO CUADRADO	bolardo-2	publish	2020-12-30 17:43:58	2026-03-26 16:32:32	BOL-00-02-00	0	1250	6541	
6543	EJERCITADOR BRAZOS Y PIERNAS DOBLE INCLUSIVO	doble-ejercitador-de-brazos-y-piernas-dc-inclusivo	publish	2020-12-30 17:45:20	2026-03-26 16:32:53	EJE-IN-03-00	0	1485	6545	
6546	EJERCITADOR COMBINADO DE BRAZOS Y MUÑECAS INCLUSIVO	doble-combinado-de-brazos-y-munecas-dc	publish	2020-12-30 17:48:47	2026-03-26 16:32:53	EJE-IN-04-00	0	2691	6547	
6557	EJERCITADOR DOMINADAS EN BARRA FORTE INCLUSIVO	forte-dominadas-en-barra-dc-inclusivo	publish	2020-12-30 17:56:32	2026-03-26 16:32:54	EJE-IN-07-00	0	2691	6559	
6561	EJERCITADOR BRAZOS Y MUÑECAS FORTE INCLUSIVO	forte-ejercitador-de-brazos-y-munecas-dc-inclusivos	publish	2020-12-30 17:58:35	2026-03-26 16:32:55	EJE-IN-08-00	0	2691	6562	
6564	EJERCITADOR BRAZOS, MUÑECAS Y HOMBROS INCLUSIVO	brazos-munecas-y-hombros-dc-inclusivo	publish	2020-12-30 18:00:02	2026-03-26 16:32:55	EJE-IN-09-00	0	2687	6567	
6569	PARABUS LONG	parabus-3	publish	2020-12-30 18:02:12	2026-03-26 16:32:34	BUS-LP-01-00	0	2651	6571	
6575	PARABUS FULL	parabus-1	publish	2020-12-30 18:05:59	2026-03-26 16:32:33	BUS-TP-02-00	0	1354	6576	
6577	Fuente lineal 4 salidas, 4 jet, 2 m altura	fuente-lineal-4-chorros	publish	2020-12-30 18:08:48	2021-01-25 08:40:22	FUMR-319	0	1227	7437	
6578	Fuente lineal 4 salidas, 4 jet 3 m altura	fuente-lineal-4-chorros-2	publish	2020-12-30 18:10:54	2021-01-25 08:41:40	FUMR-319-1	0	1224	7436	
6579	Fuente lineal 4 salidas, 2 jet y 2 aspersor 2 m altura	fuente-lineal-4-chorros-2-m-2-aspersores	publish	2020-12-30 18:13:20	2021-01-25 08:43:18	FUMR-319A	0	1243	7435	
6580	RAMPA PARA REHABILITACION	rampa	publish	2020-12-30 18:13:39	2026-03-26 16:32:56	REH-00-02-00	0	1423	6581	
6582	Fuente lineal 4 salidas, 2 jet y 2 aspersor 3 m altura	fuente-lineal-4-chorros-3-m-2-aspersores	publish	2020-12-30 18:15:18	2021-01-22 21:40:48	FUMR-319A-1	0	1202	7360	
6583	ESCALERA PARA REHABILITACION	escalera	publish	2020-12-30 18:15:20	2026-03-26 16:32:56	REH-00-03-00	0	2651	6584	
6585	CONJUNTO DE REHABILITACIÓN A	conjunto-de-rehabilitacion-a	publish	2020-12-30 18:16:42	2026-04-27 16:47:06	REH-00-08-00	0	2635	32110	
6589	CONJUNTO DE REHABILITACIÓN B	conjunto-de-rehabilitacion-b	publish	2020-12-30 18:27:25	2026-04-27 16:47:05	REH-00-07-00	0	2636	32109	
6596	Fuente redonda 5 salidas, 5 jet 2 m altura	fuente-redonda-5-salidas-5-jet-2-m-altura	publish	2020-12-30 18:54:21	2021-01-25 08:44:57	FUMR-419	0	1228	7441	
6597	Fuente redonda 5 salidas, 5 jet 3 m altura	fuente-redonda-5-salidas-5-jet-3-m-altura	publish	2020-12-30 18:56:32	2021-01-25 08:46:10	FUMR-419-1	0	1226	7438	
6598	Fuente redonda 7 salidas, 7 jet 2 m altura	fuente-redonda-7-salidas-7-jet-2-m-altura	publish	2020-12-30 19:03:08	2021-01-25 08:46:55	FUMR-519	0	1229	7444	
6599	Fuente redonda 7 salidas, 7 jet 3 m altura	fuente-redonda-7-salidas-7-jet-3-m-altura	publish	2020-12-30 19:04:25	2021-01-25 08:48:07	FUMR-519-1	0	1226	7418	
6600	Fuente redonda 9 salidas, 8 jet y 1 aspersor 2 mts altura	fuente-redonda-9-salidas-8-jet-y-1-aspersor-2-mts-altura	publish	2020-12-30 19:06:02	2021-01-25 08:49:03	FUMR-619A	0	1244	7441	
6601	Fuente redonda 9 salidas, 8 jet y 1 aspersor 3 mts altura	fuente-redonda-9-salidas-8-jet-y-1-aspersor-3-mts-altura	publish	2020-12-30 19:08:29	2021-01-25 08:50:36	FUMR-619-1A	0	1241	7438	
6602	Cascada digital	cascada-digital	publish	2020-12-30 19:15:38	2021-01-25 08:51:30	FUMR-119-C	0	1298	7447	
6603	Cascada digital metro extra	cascada-digital-metro-extra	private	2020-12-30 19:16:32	2021-01-28 20:52:02	FUMR-119E-C	0	1298	7447	
6604	LUMIN FULGOR 2M ALTURA	lumin-fulgor-2m-altura	publish	2020-12-30 19:19:35	2026-05-07 18:58:42	PIL-PT-04-00	0	1411	22656	
6610	LUMIN ALBA 2.5M ALTURA	lumin-alba-2-5-m-altura	publish	2020-12-30 19:23:37	2026-05-07 18:58:42	PIL-PT-03-00	0	1389	22655	
6647	11 BANCAS DE JUGADORES CON TECHUMBRE	bancas-de-jugadores-con-techumbre	publish	2020-12-30 19:46:09	2026-04-27 16:47:06	DEP-MO-02-00	0	2698	6652	
6653	TABLERO DE BÁSQUETBOL	tablero-de-basquetbol	publish	2020-12-30 19:48:23	2026-04-27 16:47:06	DEP-00-06-00	0	2577	32111	21832
6661	GRADAS TECHADAS 5 ASIENTOS Y 4 DESCANSA PIES	gradas-techadas-5-asientos-y-descansa-pies	publish	2020-12-30 19:53:22	2026-03-26 16:32:57	DEP-MO-03-00	0	2644	6663	21314
6664	PORTERIA FÚTBOL RAPIDO	porteria-futbol-rapido	publish	2020-12-30 19:56:07	2026-03-26 16:32:58	DEP-00-09-00	0	2585	6672	
6665	Juego California (EOS-PR-08-00)	california	draft	2020-12-30 19:56:26	2026-07-15 18:47:11	EOS-PR-08-00	1139	1438	28171	
6674	Velaria Twist Malla Sombra 9.2  X 9.2 M	velaria-twist-malla-sombra-9-2-x-9-2-m	private	2020-12-30 20:14:06	2026-05-07 18:58:44	VL-119	0	2593		
6676	Juego Paris (EOS-611 10.0)	paris	draft	2020-12-30 20:38:59	2026-07-15 18:47:11	EOS-PR-10-00	1349	1430	24986	
6683	CANCHA CIRCULAR DE FUTBOL RAPIDO	cancha-circular-futbol-rapido	publish	2020-12-30 20:53:33	2026-03-26 16:32:59	DEP-00-12-00	0	2628	6684	
6686	PORTERIA DE FÚTBOL PROFESIONAL	porteria-futbol-profesional	publish	2020-12-30 20:56:50	2026-03-26 16:32:58	DEP-00-10-00	0	2552	6687	
6689	MESA DE AJEDREZ	mesa-de-ajedrez	publish	2020-12-30 20:59:40	2026-04-27 16:47:07	DEP-MO-05-00	0	1373	32113	
6691	Velaria Conica Malla Sombra 4 Puntos 9.2 X 9.2 M	velaria-conica-malla-sombra-4-puntos-9-2-x-9-2-m	private	2020-12-30 21:01:31	2026-05-07 18:58:44	VL-219	0	2593	22241	
6693	Sombrilla Malla Sombra 4 Puntos 3 X 3 M	sombrilla-malla-sombra-4-puntos-3-x-3-m	private	2020-12-30 21:04:33	2026-05-07 18:58:44	VL-319	0	2593	22245	
6697	Velaria Twist Malla Sombra 6.2 X 6.2 M	velaria-twist-malla-sombra-6-2-x-6-2-m	private	2020-12-30 21:06:04	2026-05-07 18:58:43	VL-119-1	0	2597		
6699	Velaria Conica Malla Sombra 4 Puntos 6.2  X 6.2 M	velaria-conica-malla-sombra-4-puntos-6-2-x-6-2-m	private	2020-12-30 21:07:45	2026-05-07 18:58:43	VL-219-1	0	2626	22241	
6701	Letra de lamina 1.20 m de alto con base de 30 cm	letra-de-lamina-1-20-m-de-alto-con-base-de-30-cm	publish	2020-12-30 21:10:36	2022-02-16 16:46:35	LT-1.20	0	1179	22161	
6703	Letra de lamina 1.50 m de alto con base de 30 cm	letra-de-lamina-1-50-m-de-alto-con-base-de-30-cm	publish	2020-12-30 21:20:49	2022-02-16 16:36:19	LT-1.50	0	1179	22161	
6704	LETRA POLICARBONATO Y LUZ 2.00 M DE ALTO	letra-policarbonato-y-luz-2-00-m-de-alto	publish	2020-12-30 21:22:03	2026-03-26 16:32:36	LET-PT-03-00	0	1167	22159	
6705	Juego MASSACHUSETTS	masachusetts-v1	publish	2020-12-30 21:41:38	2026-07-17 19:18:47	MER-PR-02-00	1194	2175	25986	
6707	Juego Randolph (EOS-1613 10.0)	randolph	draft	2020-12-30 21:47:10	2026-07-15 18:47:12	EOS-PR-11-00	1354	1440	25105	
6708	LETRA POLICARBONATO Y LUZ 3.00 M DE ALTO	letra-policarbonato-y-luz-3-00-m-de-alto	publish	2020-12-30 21:50:05	2026-03-26 16:32:36	LET-PT-04-00	0	1169	22159	
6709	LETRA ACRILICO Y LUZ 1.20 M DE ALTO CON BASE	letra-acrilico-y-luz-1-20-m-de-alto-con-base	publish	2020-12-30 21:50:53	2026-03-26 16:32:35	LET-PT-01-00	0	1168	22157	
6710	LETRA ACRILICO Y LUZ 1.50 M DE ALTO CON BASE	letra-acrilico-y-luz-1-50-m-de-alto-con-base	publish	2020-12-30 21:52:25	2026-03-26 16:32:36	LET-PT-02-00	0	1167	22158	
6712	TECHO SOMBRA DE COLOR 12 ACRILICO	techo-sombra-de-color-12-acrilico	publish	2020-12-30 21:53:48	2026-05-07 18:58:42	TEC-AC-01-00	0	1231	7288	
6713	Juego Utah (EOS-515 7.0)	utah	private	2020-12-30 21:58:13	2026-07-15 18:47:13	EOS-PR-12-00	1179	1428	24848	21943
6715	TECHO SOLAR	techo-solar	publish	2020-12-30 21:59:26	2026-03-26 16:32:38	TEC-PT-02-00	0	1289	29521	
6721	BANCA CENTRO HISTORICO CON PLASTIMADERA	banca-pol-02ms	publish	2020-12-30 22:07:00	2026-05-07 18:58:43	BAN-PM-10-00	0	1207	19244	
6723	Juego Minnesota (EOS-PR-13-00)	minnesota	private	2020-12-30 22:08:08	2026-07-15 18:47:14	EOS-PR-13-00	1207	1430	28165	
6728	RED Y 2 POSTES DE VOLEIBOL	red-y-2-postes-de-voleibol	publish	2020-12-30 22:15:26	2026-03-26 16:32:58	DEP-00-11-00	0	2586	6730	
6731	BANCA DE HUESO CANINO	banca-de-hueso-canino	publish	2020-12-30 22:17:55	2026-03-26 16:33:02	CAN-PL-07-00	0	2599	6734	
6733	Juego Oregon (EOS-1010 7.0)	oregon	private	2020-12-30 22:19:58	2026-07-15 18:47:14	EOS-PR-17-00	1218	1430	25104	
6736	TUNEL CANINO	tunel-canino	publish	2020-12-30 22:21:36	2026-03-26 16:32:59	CAN-PL-01-00	0	2649	6737	22192,22193
6738	Juego GRADY	barcelona	publish	2020-12-30 22:23:40	2026-07-17 19:19:08	MEV-CR-03-00	1447	1218	24989	23500,23501
6739	RAMPA CANINA	rampa-2	publish	2020-12-30 22:24:05	2026-03-26 16:33:00	CAN-PL-12-00	0	2599	6740	22210,22211
6741	VALLAS CANINO	vallas	publish	2020-12-30 22:26:13	2026-03-26 16:33:01	CAN-PL-06-00	0	2599	6745	22213
6747	BALANCIN CANINO	balancin-canino	publish	2020-12-30 22:30:40	2026-03-26 16:33:03	CAN-PL-10-00	0	2599	6743	
6748	AROS CANINO	aro-canino	publish	2020-12-30 22:31:56	2026-03-26 16:33:00	CAN-PL-02-00	0	2599	22609	22194,22195
6750	BEBEDERO CANINO	bebedero-canino	publish	2020-12-30 22:33:23	2026-03-26 16:33:01	CAN-PL-15-00	0	2602	22610	
6752	SALTO DOBLE CANINO	salto-doble-canino	publish	2020-12-30 22:35:06	2026-03-26 16:33:01	CAN-PL-05-00	0	2599	6753	
6755	MESA CANINA	mesa-canina	publish	2020-12-30 22:38:01	2026-03-26 16:33:03	CAN-PL-11-00	0	2599	6756	
6757	GRADAS CANINO	gradas-canino	publish	2020-12-30 22:39:09	2026-03-26 16:33:02	CAN-PL-08-00	0	2599	6759	
6760	SLALOM CANINO	slalom	publish	2020-12-30 22:40:07	2026-04-27 16:47:07	CAN-00-02-00	1130	2591	32114	
6763	PASARELA CANINO	pasarela	publish	2020-12-30 22:42:26	2026-03-26 16:33:02	CAN-PM-01-00	0	2599	26095	26096,26097
6764	Juego Parma (EOS-PR-19-00)	parma	draft	2020-12-30 22:43:02	2026-07-15 18:47:16	EOS-PR-19-00	1225	1437	28172	
6770	Juego Pittsburgh (EOS-PR-23-00)	pittsburgh	private	2020-12-30 22:51:47	2026-07-15 18:47:17	EOS-PR-23-00	1384	1432	28169	
6783	Juego WINSTON	winston	publish	2020-12-30 23:32:36	2026-07-17 19:19:30	MER-PR-07-00	1477	1218	31202	
6785	Juego RUSSEL	russel	publish	2020-12-30 23:40:34	2026-07-17 19:19:51	MER-PR-06-00	1341	1216	32169	21873
6791	Juego Pensilvania (EOS-PR-22-00)	pensilvania	private	2020-12-30 23:57:47	2026-07-15 18:47:19	EOS-PR-22-00	1206	1440	28164	
6793	Juego BALTIMORE BASIC	baltimore-basic	publish	2020-12-31 00:07:39	2026-07-15 18:47:20	EOS-PR-29-00	1142	1441	24995	21875,21874
6795	Juego BALTIMORE	baltimore	publish	2020-12-31 00:13:02	2026-07-15 18:47:21	EOS-PR-28-00	1173	1432	25982	21970,21971
6797	Juego BOSTON	boston	publish	2020-12-31 00:19:49	2026-07-17 19:20:09	MEC-CR-01-00	1364	1216	24548	21968,20937
6810	BANCA CON PERFILES	banca-con-perfiles-2	publish	2020-12-31 15:52:05	2026-03-26 16:32:17	BAN-00-04-00	0	1383	6811	
6820	Mesa de Picnic	mesa-de-picnic	private	2020-12-31 16:01:26	2022-05-25 21:01:47	MUM-118-1-1	0	1297	6821	
6836	Juego Arkansas (EOS-PR-15-00)	arkansas	draft	2020-12-31 19:11:15	2026-07-15 18:47:23	EOS-PR-15-00	1352	1431	28153	
6839	Juego BARCELONA	barcelona-2	publish	2020-12-31 19:20:13	2026-07-17 19:20:28	MEC-CR-04-00	1310	1216	32168	25099
6841	Juego Britania (EOS-FV-02-00)	britania	draft	2020-12-31 19:24:58	2026-07-15 18:47:25	EOS-CR-02-00	1538	1442	30723	
6843	Juego España (EOS-FV-03-00)	espana	draft	2020-12-31 19:38:07	2026-07-15 18:47:25	EOS-FV-03-00	1584	1442	28173	
6846	Juego Misuri	misuri	private	2020-12-31 19:45:46	2026-07-15 18:47:26	EOS-PR-32-00	1271	1436	28161	
6852	Juego ROBOTO	roboto	publish	2020-12-31 19:57:35	2026-07-15 18:47:27	TEM-PL-09-20	1184	2674	32174	27808,27809
6860	Juego Cohete Espacial	cohete-especial	publish	2020-12-31 20:16:05	2026-07-15 18:47:28	TEM-PL-03-00	1178	1425	32075	22470,22471,22472
6868	Juego Imperio	imperio	publish	2020-12-31 20:24:25	2026-07-15 18:47:28	TEM-PR-06-01	4233	229	29100	29102
6872	Juego NAVE ORION	nave-orion	publish	2020-12-31 20:32:12	2026-07-15 18:47:29	TEM-PL-02-20	1304	1457	25998	21974
6874	Juego BARCO	barco	publish	2020-12-31 20:34:24	2026-07-15 18:47:30	TEM-PR-03-20	1389	1456	32079	22475,22476
6876	Juego NAVIO	navio	publish	2020-12-31 20:37:26	2026-07-15 18:47:31	TEM-PR-04-20	1216	1459	32080	
6884	Juego Nave Titán	nave-titan	publish	2020-12-31 20:45:58	2026-07-15 18:47:32	TEM-PL-01-20	1238	1458	32074	21336
6897	Juego ARACNIDUS	modulo-aracnidus	publish	2021-01-03 00:40:55	2026-07-15 18:47:33	EVA-00-02-00	1196	1426	32082	
6899	Juego Capri (EVA-114-1)	modulo-capri	private	2021-01-03 00:43:11	2026-07-15 18:47:34	EVA-PR-03-00	1107	1436	25296	22484,22485,22486
6910	Juego GENERATION	trepadero-generation	publish	2021-01-03 00:58:26	2026-07-15 18:47:34	EVA-PL-01-00	1107	1432	32084	22490,22491
6916	TREPADERO PIRAMIDE CHICA	trepadero-piramide	publish	2021-01-03 01:05:37	2026-03-26 16:31:57	TRE-CU-03-01	0	1375	29142	
6918	TREPADERO TRIKON	trepadero-trikon	publish	2021-01-03 01:07:28	2026-04-27 16:46:45	TRE-CU-05-00	0	1420	32086	22518,22519,22520,22521
6920	TREPADERO GEODESICO	trepadero-espiral	publish	2021-01-03 01:08:59	2026-04-27 16:46:44	TRE-PL-01-00	0	1420	32085	
6928	TREPADERO TRIPLEX	trepadero-triplex	publish	2021-01-03 01:15:10	2026-03-26 16:31:57	TRE-00-02-00	0	1424	6929	22504
6930	TREPADERO MEDIA ESFERA	trepadero-media-esfera	publish	2021-01-03 01:16:58	2026-03-26 16:31:57	TRE-00-03-00	0	224	25972	22510,22511
6934	TREPADERO DINOSAURIO	trepadero-dinosaurio	publish	2021-01-03 01:21:34	2026-03-26 16:31:58	TRE-TM-02-00	0	1456	6935	22508,22509
6942	TREPADERO BALLENA	trepadero-ballena	publish	2021-01-03 01:29:52	2026-03-26 16:31:57	TRE-TM-03-00	0	2652	24837	22507
6944	TREPADERO TORTUGA	trepadero-tortuga	publish	2021-01-03 01:31:17	2026-03-26 16:31:58	TRE-TM-05-00	0	1421	6945	
6962	COLUMPIO RESIDENCIAL 2 CANASTILLAS	columpio-residencial-2-canastillas	publish	2021-01-03 01:51:24	2026-03-26 16:32:01	COL-AB-10-00	0	1420	6963	
6964	CONJUNTO RESIDENCIAL, COLUMPIOS Y BAJADA COMPUESTO PLASTICO REFORZADO 2.40M	columpio-res-de-2-canastillas-y-bajada-2-40m-fv	publish	2021-01-03 01:52:42	2026-03-26 16:32:01	CON-CR-04-00	0	1421	6965	
6972	GIRATORIO ORBIT S	orbit-s	publish	2021-01-04 14:10:18	2026-03-26 16:32:04	GIR-00-01-00	0	1421	25031	
6985	MONTABLE GLOBFLEX	globflex	publish	2021-01-04 15:32:11	2026-03-26 16:32:03	IRE-PL-05-00	0	1422	25032	24580
6992	MONTABLE ABEJA	montable-abeja	publish	2021-01-04 15:42:26	2026-03-26 16:32:03	IRE-PL-01-00	0	223	25026	22578
6994	MONTABLE BASICO	montable-saltarin	publish	2021-01-04 15:45:12	2026-03-26 16:32:02	IRE-00-01-00	0	1422	25025	
6997	MONTABLE MOTO	montable-moto	publish	2021-01-04 15:46:49	2026-04-27 16:46:46	IRE-PL-03-00	0	1418	32092	22580
7000	MONTABLE DELFIN	montable-delfin	publish	2021-01-04 15:48:34	2026-03-26 16:32:03	IRE-PL-08-00	0	1423	25024	
7003	MONTABLE CAMION	montable-camioncito	publish	2021-01-04 15:51:10	2026-04-27 16:46:45	IRE-PL-02-00	0	1418	32091	22579
7009	RESBALADILLA RACER	resbaladilla-racer	publish	2021-01-04 15:54:56	2026-03-26 16:32:05	RES-PL-04-00	0	1422	25040	
7012	RESBALADILLA LAM DE 2.40MT	resbaladilla-2-40-m	publish	2021-01-04 16:00:06	2026-03-26 16:32:05	RES-00-01-00	0	233	25038	
7014	RESBALADILLA LAMINA DE 3MT	resbaladilla-3-0-m	publish	2021-01-04 16:02:52	2026-03-26 16:32:05	RES-00-02-00	0	1468	25037	
7017	RESBALADILLA OLAS DE PLASTICO	resbaladilla-olas-de-plastico	publish	2021-01-04 16:06:51	2026-03-26 16:32:05	RES-PP-01-00	0	1460	7025	
7039	SUBE Y BAJA DOBLE	sube-y-baja-doble	publish	2021-01-04 16:25:06	2026-03-26 16:32:06	SUB-00-01-01	0	1670	25044	22021
7043	SUBE Y BAJA TRIPLE	sube-y-baja-triple	publish	2021-01-04 16:28:28	2026-03-26 16:32:06	SUB-00-01-02	0	1675	25045	22020
7044	Mesa Iluminada para Arena (PTJ-MIS-320)	mesa-iluminada-para-arena	draft	2021-01-04 16:28:50	2026-03-31 17:56:02	MES-PT-02-00	0	1433	7045	25242
7047	SUBE Y BAJA SENCILLO	sube-y-baja-sencillo	publish	2021-01-04 16:30:08	2026-03-26 16:32:06	SUB-00-01-00	0	2928	25043	25308
7060	SUBE Y BAJA PULPO	sube-y-baja-pulpo	publish	2021-01-04 16:35:39	2026-03-26 16:32:07	SUB-00-02-01	0	1672	25046	22022
7065	SUBE Y BAJA BALLENA	sube-y-baja-ballena	publish	2021-01-04 16:40:26	2026-03-26 16:32:07	SUB-PL-01-00	0	260	25042	
7066	SUBE Y BAJA PULPO TRIPLE	sube-y-baja-pulpo-triple	publish	2021-01-04 16:41:10	2026-03-26 16:32:07	SUB-00-02-02	0	1674	25047	
7077	Pasamanos Curvo con Canastilla Compuesto Plástico Reforzado	pasamanos-con-canastilla	publish	2021-01-04 16:49:11	2025-03-10 18:52:47	COL-CR-03-00	0	1428	7079	
7081	PASAMANOS IDA Y VUELTA	pasamanos-ida-y-vuelta	publish	2021-01-04 16:52:07	2026-03-26 16:32:02	PAS-00-01-00	0	1423	7085	
7086	PASAMANOS ONDULADO 2 x 3 MTS.	pasamanos-ondulado	publish	2021-01-04 16:54:26	2026-03-26 16:32:02	PAS-00-02-00	0	1433	7088	
7089	PASAMANOS RECTO 2 X 3 MTS.	pasamanos-recto	publish	2021-01-04 16:56:12	2026-03-26 16:32:02	PAS-00-03-00	0	1423	7090	
7091	PANELES INTERACTIVOS	paneles-interactivos	publish	2021-01-04 16:58:16	2026-05-07 18:58:37	INT-PL-04-00	0	2683	25073	
7100	PANEL INTERACTIVO MUÑECOS	panel-interactivo-muneco	publish	2021-01-04 17:01:26	2026-05-07 18:58:36	INT-PL-02-00	0	2642	25072	
7103	PANEL INTERACTIVO LABERINTO	panel-interactivo-laberinto	publish	2021-01-04 17:03:53	2026-05-07 18:58:37	INT-PL-03-00	0	2704	25071	
7120	Juego URBANO INCLUSIVO	inclusivo-urbano	publish	2021-01-04 17:28:23	2026-07-15 18:47:35	EOS-IN-02-00	1254	227	32094	
7122	Juego Maine Inclusivo (EOS-1612 7.0 DC)	maine	draft	2021-01-04 17:30:30	2026-07-15 18:47:36	EOS-IN-05-00	1199	234	24058	22622,22623
7124	Juego MILWUAKEE INCLUSIVO	milwaukee	publish	2021-01-04 17:33:40	2026-07-15 18:47:37	EOS-IN-01-00	1263	1430	32093	22104,22105,22106
7126	Juego Indiana Inclusivo (EOS-1210 7.0 DC)	indiana	draft	2021-01-04 17:36:47	2026-07-15 18:47:38	EOS-IN-04-00	1451	228	7132	
7137	AQUA JUM1	aqua-1	publish	2021-01-04 17:40:06	2026-03-26 16:32:10	JAM-119	0	1203	7143	
7145	AQUA JUM2	aqua-2	publish	2021-01-04 17:42:46	2026-03-26 16:32:10	JAM-219	0	1203	7143	
7150	AQUA JUM3	aqua-3	publish	2021-01-04 17:43:40	2026-03-26 16:32:11	JAM-319	0	1203	7151	
7153	AQUA JUM4	aqua-4	publish	2021-01-04 17:44:40	2026-03-26 16:32:11	JAM-419	0	1203	7301	
7156	AQUA JUM5	aqua-5	publish	2021-01-04 17:45:47	2026-03-26 16:32:11	JAM-519	0	1203	7302	
7167	ARCO SPRAY	arco-spray	publish	2021-01-04 17:51:17	2026-03-26 16:32:11	JAI-419	0	1205	7168	
7169	Bolardo Spray	bolardo-burbuja	publish	2021-01-04 17:52:40	2025-12-30 16:38:59	JAI-519	0	1161	7170	
7171	SPRAY S	spray-s	publish	2021-01-04 17:53:41	2026-03-26 19:42:02	JAI-619	0	1161	7172	
7173	PALMERA LLUVIA	pulpo-spray	publish	2021-01-04 17:54:48	2026-03-26 16:32:12	JAI-819	0	1194	7176	
7177	SOMBRILLA LLUVIA	sombrilla-lluvia	publish	2021-01-04 17:57:20	2026-03-26 16:32:12	JAI-919	0	1194	7178	
7224	Pasto Artificial 25mm de altura	pasto-artificial-25mm-de-altura	publish	2021-01-04 19:00:23	2023-06-15 23:37:41	PASART-25	0	1291	25977	
7228	Pasto Artificial 45mm de altura	pasto-artificial-45mm-de-altura	publish	2021-01-04 19:05:16	2023-06-15 23:41:52	PASART-45	0	1292	25977	
7230	Pasto Artificial 45mm de altura 850grs Color Blanco	pasto-artificial-45mm-de-altura-2	publish	2021-01-04 19:07:03	2022-03-17 22:40:08	PASART-45-BL	0	1291	7317	
7232	Pasto Artificial 45 mm de altura 850grs Color Amarillo	pasto-artificial-45-mm-de-altura-850grs-color-amarillo	publish	2021-01-04 19:09:19	2022-03-17 22:39:59	PASART-45-AM	0	1293	7318	
7233	Pasto Artificial 45 mm de altura 850grs Color Rojo	pasto-artificial-45-mm-de-altura-850grs-color-rojo	publish	2021-01-04 19:13:19	2022-03-17 22:39:51	PASART-45-RO	0	1289	7319	
7235	Pasto Artificial 45 mm de altura 850grs Color Azul	pasto-artificial-45-mm-de-altura-850grs-color-azul	publish	2021-01-04 19:14:32	2022-03-17 22:39:44	PASART-45-AZ	0	1289	7320	
7243	Dexia Bote con iluminacion	dexia-bote-con-iluminacion	publish	2021-01-04 19:18:29	2025-03-10 19:26:27	PTJ-MGB-220	0	1396	7244	
7254	Piso de Loseta de Caucho Rojo Chispa	piso-de-caucho-rojo-chispa	publish	2021-01-04 19:40:56	2022-05-06 20:36:24	PGR-50	0	1222	23025	
7255	Piso de Loseta de Caucho Negro Chispa	piso-de-caucho-negro-chispa	publish	2021-01-04 19:41:29	2022-05-06 20:33:57	PGN-60	0	1223	23023	
7260	Piso de Loseta de Caucho Kaki	piso-de-caucho-khaki-premium	publish	2021-01-04 19:47:19	2024-02-12 16:11:21	PGK-50	0	1224	23019	
7261	Piso de Loseta de Caucho Gris	piso-de-caucho-gris-premium	publish	2021-01-04 19:48:25	2026-01-09 16:04:20	PGG-50	0	1214	23029	
7262	Banca fuji A.	fuji-ap-banca-premium	draft	2021-01-04 19:48:35	2026-05-07 18:58:41	MUA-217 A-P	0	1508	7264	
7263	Piso de Loseta de Caucho Cafe	piso-de-caucho-cafe-premium	publish	2021-01-04 19:49:05	2024-02-12 16:09:02	PGCA-50	0	1215	23028	
7265	Banca fuji B.	fuji-bp-banca-premium	draft	2021-01-04 19:49:47	2026-05-07 18:58:41	MUA-217 B-P	0	1390	7267	
7266	Piso de Loseta de Caucho Negro	piso-de-caucho-negro-premium	publish	2021-01-04 19:50:08	2024-02-12 16:09:59	PGN-50	0	1195	23018	
7269	Loseta Burbuja Terracota	loseta-burbuja-terracota-chispas	publish	2021-01-04 19:51:00	2025-03-10 19:48:48	LBGR-50	0	1123	7475	
7272	Loseta Burbuja Azul Marino	loseta-burbuja-azul-marino-chispas	publish	2021-01-04 19:52:30	2025-03-10 19:50:00	LBGA-50	0	1163	7476	
7273	Loseta Burbuja Verde	loseta-burbuja-verde-chispas	publish	2021-01-04 19:53:19	2025-03-10 19:50:53	LBGV-50	0	1165	7474	
7275	JUMBO RUBBER PG1 A 1 CM	loseta-burbuja-verde-chispas-copia	private	2021-01-04 19:59:36	2022-02-24 16:47:24	PPG1-1	1118	1173	7412	
7277	JUMBO RUBBER PG1 A 2 CM	jumbo-rubber-pg1-a-2-cm	private	2021-01-04 20:03:12	2022-02-24 16:51:39	PPG1-2	1118	1183	7413	
7278	Aparcabicicleta Two Circular	aparcabicicletas-2-2	private	2021-01-04 20:03:21	2026-05-07 18:58:41	INOX-214B	0	1385	7287	
7279	JUMBO RUBBER PG1 A 3 CM	jumbo-rubber-pg1-a-3-cm	private	2021-01-04 20:04:16	2022-02-24 16:54:11	PPG1-4	1118	1200	7414	
7281	JUMBO RUBBER PG1 A 4 CM	jumbo-rubber-pg1-a-4-cm	private	2021-01-04 20:07:53	2022-02-24 16:56:39	PPG1-4-1	1118	1183	7415	
7286	JUMBO RUBBER SPORT TIPO TARTAN A 13 MM	jumbo-rubber-sport-tipo-tartan-a-13-mm	publish	2021-01-04 20:10:02	2022-02-24 16:33:57	PPTT-13	1417	1291	7380	
7292	BANCA VINSONS KLEIN	klein-asiento-de-fibra-de-vidrio	publish	2021-01-04 20:56:04	2026-05-07 18:58:38	BAN-CR-04-00	0	1302	7293	
7303	PULPO SPRAY	pulpo-spray-2	publish	2021-01-04 21:23:53	2026-03-26 16:32:12	JAI-719	0	1421	7174	
7307	Jumbo Rubber Sport Tipo Tartan A 13 mm		private	2021-01-04 21:37:54	2021-01-23 12:38:05	PPR1-2-1	0	1494		
7383	INFINITO	escultura-ludica-infinito	publish	2021-01-05 19:34:48	2026-03-26 16:31:54	EL-118-4C	2355	2780	24942	21840
7395	TRAPIST	escultura-ludica-trapist	publish	2021-01-05 19:44:36	2026-03-26 16:31:54	EL-619-4C	2372	1579	7396	21851,21351
7405	MILLER	escultura-ludica-miller	publish	2021-01-05 19:52:15	2026-03-26 16:31:55	EL-1519-4C	2337	2652	24950	21854,21855,21856
7407	SIRIUS	escultura-ludica-sirius	publish	2021-01-05 19:54:09	2026-03-26 16:31:55	EL-1619-4C	2337	1581	24948	21859,21860,21861
7411	COLUMPIO LUCENDI	columpio-lucendi	publish	2021-01-05 19:58:17	2026-03-26 19:42:02	COL-PT-02-00	0	222	28589	
7416	JUMBO RUBBER SPORT PG1 A 3 MM	jumbo-rubber-sport-pg1-a-3-mm	publish	2021-01-05 20:13:51	2022-02-24 16:36:25	PPG1-3	1257	1213	7417	
7425	LIGHT PILLAR	light-pillar	publish	2021-01-05 20:30:09	2026-03-26 16:32:37	PIL-PT-02-00	0	1596	7454	25238
7427	SUBE Y BAJA LUCENDI	sube-y-baja-lucendi	publish	2021-01-05 20:31:52	2026-03-26 16:32:37	SUB-PT-01-00	1296	1563	7456	25236
7430	Alas Lucendi (PTJ-118)	alas-lucendi	draft	2021-01-05 20:33:32	2026-03-31 17:55:51	ALA-PT-01-00	1153	1530	7455	25237
7442	Banca de Luz (PTJ-BL)	banca-de-luz	private	2021-01-05 21:20:50	2023-03-07 17:37:07	BAN-PT-06-00	0	1503	7457	
7443	TUNEL DE LUZ	tunel-de-luz	publish	2021-01-05 21:21:53	2026-03-26 16:32:37	TUN-PT-01-00	0	287	22341	25240
7445	BANCA LUCENDI	banca-lucendi	publish	2021-01-05 21:22:54	2026-04-27 16:46:53	BAN-PT-04-00	0	1497	7451	
7446	BANCA MEDIA LUNA LUCENDI	banca-media-luna-lucendi	publish	2021-01-05 21:23:53	2026-04-27 16:46:53	BAN-PT-05-00	0	1500	7469	
7450	Juego MONSTRIKS	modulo-tematico-monstriks	publish	2021-01-05 21:38:59	2026-07-15 18:47:38	TEM-PL-07-00	1156	1434	32173	22477,22478
7458	Juego HORMIGUERO	modulo-hormiguero	publish	2021-01-05 22:54:33	2026-07-15 18:47:39	TEM-PR-09-00	0	227	32083	
7463	TREPADERO VITEX	trepadero-vitex	publish	2021-01-05 23:05:01	2026-03-26 16:31:58	TRE-CU-07-00	0	1424	7495	
7464	TREPADERO SALIX	trepadero-salix	publish	2021-01-05 23:06:06	2026-03-26 16:31:58	TRE-CU-09-00	0	225	7497	
7466	RESBALADILLA TRIPLE OLAS DE PLASTICO	resbaladilla-triple-olas-de-plastico	publish	2021-01-05 23:08:39	2026-03-26 16:32:05	RES-PP-01-01	0	1422	7500	
7467	LABERINTO SENSORIAL	laberinto-sensorial	publish	2021-01-05 23:10:06	2026-05-07 18:58:38	INT-PL-06-00	0	1419	25068	
7479	BANCA ONON	silla-onon	publish	2021-01-06 15:42:07	2026-03-26 16:32:20	BAN-PL-02-00	0	1254	7510	
7480	BANCA IKA	banca-ika	publish	2021-01-06 15:50:50	2026-03-26 16:32:20	BAN-PP-05-00	1058	2833	7512	
7491	MESA MERCATO DOPPIO	mercato-doppio	publish	2021-01-06 16:15:25	2026-05-07 18:58:38	MES-LP-01-01	0	1323	7521	
7496	SEÑALETICA DIRECCIÓN	senaletica-direccion	publish	2021-01-06 16:18:50	2026-03-26 16:32:27	SEÑ-00-10-00	0	1337	22646	
7505	PARABUS TECH	parabus-tech	publish	2021-01-06 16:26:05	2026-03-26 16:32:34	BUS-00-01-00	0	1257	7529	
7513	MINI RAMPA CANINO	mini-rampa-canino	publish	2021-01-06 16:40:15	2026-03-26 16:33:02	CAN-PL-09-00	0	2765	7531	
7749	Juego Tren (TEM-PR-07-01)	tren-2	draft	2021-01-13 18:30:30	2026-07-15 18:47:39	TEM-PR-07-00	1660	1433	24838	
7751	Juego ATRACTION	modulo-atraction	publish	2021-01-13 18:40:18	2026-07-15 18:47:40	EVA-PR-01-20	1194	1458	32081	23285,23284,23287,23286
7780	COLUMPIO PP EN A CON 2 ASIENTOS DE BANDA	columpio-pp-con-2-canastillas	publish	2021-01-13 19:43:51	2026-03-26 16:31:59	COL-AB-01-00	0	1426	7873	
7781	COLUMPIO PP EN A CON 2 ASIENTOS DE SEGURIDAD	columpio-pp-con-2-canastillas-de-seguridad	publish	2021-01-13 19:47:08	2026-03-26 16:31:59	COL-AS-01-00	0	1380	7874	
7783	COLUMPIO PP EN U CON 3 ASIENTOS DE BANDA	columpio-pp-en-u-con-3-canastillas	publish	2021-01-13 19:49:06	2026-03-26 16:32:00	COL-AB-03-00	0	1529	25966	22526
7789	COLUMPIO CANGURO	columpio-canguro	publish	2021-01-13 19:54:58	2026-03-26 16:32:01	COL-BS-01-00	0	1383	7885	22534
7791	COLUMPIO KRONE	columpio-krone	publish	2021-01-13 19:57:09	2026-03-26 16:32:01	COL-AB-06-00	0	1421	25969	22529,22530,22531
7794	COLUMPIO MULTIJUEGO	conjunto-de-media-luna	publish	2021-01-13 20:00:29	2026-03-26 16:32:01	CON-CR-02-00	1099	1424	7887	22535
7819	MONTABLE CABALLITO	caballito	publish	2021-01-13 20:25:31	2026-03-26 16:32:03	IRE-PL-04-00	0	2690	25022	25023
7824	MURO SENSORIAL	panel-sensorial	publish	2021-01-13 20:35:58	2026-05-07 18:58:37	INT-PL-05-00	0	1429	25955	
7828	TUBO DIDACTICO GRANDE	tubo-didactico-g	publish	2021-01-13 20:42:07	2026-05-07 18:58:37	INT-00-03-00	0	1390	25064	
7831	TIPPIE	tippie	publish	2021-01-13 20:45:50	2026-05-07 18:58:37	TEM-PM-01-00	0	1419	25062	
7834	Bubble Pillar (PTJ-620 C)	bubble-pillar-diametro-6-2-m-altura	draft	2021-01-13 21:05:11	2026-03-31 17:55:31	PIL-PT-01-00	0	1509	22617	
8007	PORTERIA CON TABLERO DE BÁSQUETBOL	porteria-con-tablero-de-basquetbol	publish	2021-01-14 20:25:02	2026-04-27 16:47:07	DEP-00-07-00	0	2567	32112	6659
8009	GRADAS 5 ASIENTOS Y 4 DESCANSA PIES	gradas-5-asientos-y-4-descansa-pies-2	publish	2021-01-14 20:30:53	2026-03-26 16:32:57	DEP-MO-04-00	0	2644	6667	
8012	POSTE DE BOLSAS CON BASURERO CANINO	poste-de-bolsas-con-basurero-canino	publish	2021-01-14 20:55:09	2026-03-26 16:33:03	CAN-PP-01-00	0	2802	19183	23386
8314	BANCA PMP PVC	banca-pmp-pvc	publish	2021-01-15 21:49:55	2026-03-26 16:32:19	BAN-PV-02-00	0	1457	22628	
8316	BANCA KIRO	banca-kiro	publish	2021-01-15 21:56:52	2026-03-26 16:32:18	BAN-PP-04-00	0	2848	20842	
8328	BANCA LOGAN INCLUSIVA PVC	banca-logan-pvc	publish	2021-01-15 22:31:49	2026-03-26 16:32:19	BAN-IN-02-00	0	1418	25948	22627
8336	BANCA PUMORI PVC	banca-pumori-pvc	publish	2021-01-15 22:43:12	2026-03-26 16:32:19	BAN-PV-01-00	0	1475	6375	
8345	MESA DE PICNIC PVC	mesa-de-pic-nic-pvc	publish	2021-01-15 23:00:44	2026-03-26 16:32:23	MES-PV-01-00	0	2670	20841	
8350	APARCABICICLETAS ONE MARCO	aparcabicicletas-one-marco	publish	2021-01-15 23:16:15	2026-03-26 16:32:26	APA-00-04-00	0	2621	22642	
8359	BANCA LOA INOX	banca-loa-inox-2	publish	2021-01-15 23:36:29	2026-05-07 18:58:38	BAN-IX-01-00	0	1340	20905	
8361	BOTE GANGES	bote-ganges-inox-2	publish	2021-01-15 23:38:31	2026-05-07 18:58:39	BOT-IX-01-00	0	2593	6519	
8363	BOLARDO 5 INOX	bolardo-5-inox-2	publish	2021-01-15 23:40:26	2026-05-07 18:58:39	BOL-IX-01-00	0	2595	6523	
8364	BOLARDO 3 INOX	bolardo-3-inox-2	publish	2021-01-15 23:41:17	2026-05-07 18:58:39	BOL-IX-02-00	0	2595	6525	
8367	BOLARDO METALICO 4" 60 CM ALTURA	bolardo-metalico-4-60cm-altura	publish	2021-01-15 23:45:44	2026-03-26 16:32:32	BOL-00-04-00	0	1288	20824	
8370	PARABUS BASIC	parabus-basic	publish	2021-01-15 23:51:00	2026-03-26 16:32:33	BUS-TP-01-00	0	1354	6574	
19063	COLUMPIO PP EN A 3 ASIENTOS DE BANDA	columpio-pp-con-3-canastillas-2	publish	2021-01-22 23:20:33	2026-03-26 16:32:00	COL-AB-02-00	0	1436	19197	
19111	BANCA COMPLETA	banca-completa	publish	2021-01-26 00:09:12	2026-03-26 16:32:30	CMT-120P	0	241	20822	
21148	Juego CHARLOTTE	charlotte-2	publish	2021-10-08 19:46:15	2026-07-17 19:20:49	MEC-CR-03-00	1575	1217	32170	24993,24994,24992
22130	EJERCITADOR PARED SUECA Y 2 POSTES	pared-sueca-y-2-postes	publish	2022-02-15 18:44:33	2026-04-27 16:47:03	EJE-ID-23-00	0	1378	32105	22138
22188	2 BANCAS DE ARBITROS CON TECHUMBRE	2-bancas-de-arbitros-con-techumbre	publish	2022-02-18 17:37:32	2026-04-27 16:47:06	DEP-MO-01-00	0	2700	32154	
22209	SALTO ARO CANINO	salto-aro-canino	publish	2022-02-23 22:45:46	2026-03-26 16:33:00	CAN-PL-03-00	0	2599	22611	
22313	Juego HEXAGON	hexagon	publish	2022-03-03 17:16:32	2026-07-15 18:47:41	TEM-IX-02-00	167	238	25018	
22315	Juego ATALAYA	atalaya	publish	2022-03-03 17:20:24	2026-07-15 18:47:41	TEM-IX-03-00	101	227	25092	
22323	CONJUNTO DE MEDIA LUNA	conjunto-media-luna	publish	2022-03-03 17:43:58	2026-04-27 16:46:45	CON-CR-01-00	166	1430	32090	
22329	SUBE Y BAJA PARA SILLA DE RUEDAS	sube-y-baja-silla-de-ruedas	publish	2022-03-03 18:18:57	2026-03-26 16:32:07	SUB-IN-02-00	0	223	25048	
22330	Juego CASTILLO INCLUSIVO	modulo-tematico-castillo-inclusivo	publish	2022-03-03 18:37:14	2026-07-15 18:47:42	EOS-IN-03-00	120	227	22331	
22332	Juego BARCO WOOD	barco-wood	publish	2022-03-03 18:44:19	2026-07-15 18:47:42	MMB-120	128	223	25093	
22334	Juego WOOD	modulo-wood	publish	2022-03-03 19:26:28	2026-07-15 18:47:42	MMW-122	119	225	25095	
22335	Juego RETOS BAJOS	retos-bajos	publish	2022-03-03 19:13:03	2026-07-15 18:47:43	MMR-122	0	223	25094	
22344	BOTE OKA PLASTIMADERA	bote-oka-plastimadera-2	publish	2022-03-04 14:29:33	2026-03-26 16:32:16	BOT-PM-02-00	0	1551	22599	
22346	BOTE OKA PERFORADA	bote-oka-perforada-2	publish	2022-03-04 14:38:03	2026-05-07 18:58:36	BOT-LP-02-02	0	1287	32095	
22348	BOTE TRIANGULAR	bote-triangular	publish	2022-03-04 14:47:12	2026-03-26 16:32:17	BOT-00-04-00	0	1287	22602	
22359	BANCA CIRCULAR JUNKO	banca-circular-plastimadera-junko	publish	2022-03-04 15:23:10	2026-04-27 16:46:49	BAN-MA-01-00	0	1614	22377	
22365	BANCA CIRCULAR CON ASIENTO	banca-circular-con-asiento	publish	2022-03-04 15:38:52	2026-03-26 16:32:22	BAN-00-10-00	0	1328	22376	
22370	2 COLUMPIOS ARIA	2-columpios-aria	publish	2022-03-04 15:48:25	2026-05-07 18:58:41	COL-00-01-00	0	2857	22371	
22386	BANCA VINSONS B	banca-vinsons-b	publish	2022-03-04 16:33:36	2026-03-26 16:32:22	BAN-CR-05-00	0	1380	22387	
22393	4 MESAS PICNIC CON PERGOLA	4-mesas-picnic-con-pergola	publish	2022-03-04 16:58:59	2026-03-26 16:32:24	MES-LP-04-00	0	2648	22394	
22396	MESA MAPA	mesa-mapa	publish	2022-03-04 17:18:35	2026-03-26 16:32:28	SEÑ-00-14-00	0	1344	22397	
22401	TOTEM CON LUZ	totem-con-luz	publish	2022-03-04 17:29:34	2026-03-26 16:32:28	SEÑ-PT-02-00	0	1344	29242	
22403	SEÑALETICA TOTEM	senaletica-totem	publish	2022-03-04 17:39:50	2026-03-26 16:32:28	SEÑ-00-15-00	0	1344	22404	
22405	SEÑALETICA PLASTIPANEL 50 X 25 CM	senaletica-plastipanel-50-x-25-cm	publish	2022-03-04 17:45:51	2026-03-26 16:32:28	SEÑ-PL-01-00	0	1320	22406	
22413	TERRAZA	terraza	publish	2022-03-04 19:01:42	2026-03-26 16:32:29	TER-PP-01-00	0	1565	22414	
22415	MESA PICNIC 3/3	mesa-picnic-3-3-plastimadera-premium	publish	2022-03-04 19:35:54	2026-03-26 16:32:29	MES-PP-02-00	0	1351	22416	
22417	MESA CUBI	cubi-mesa-plastimadera-premium	publish	2022-03-04 19:44:45	2026-04-27 16:46:51	MES-PP-01-00	0	1351	32099	
22419	JARDINERA BAJA	jardinera-baja	publish	2022-03-04 21:12:32	2026-03-26 16:32:29	CMT-520P	0	1302	24673	
22421	MACETA TRAPECIO	maceta-trapecio-2	publish	2022-03-04 21:27:31	2026-03-26 16:32:29	CMT-320P	0	2544	24673	
22422	MACETA ALTA	maceta-alta	publish	2022-03-04 21:34:22	2026-03-26 16:32:29	CMT-420P	0	1250	22423	
22424	MACETA REDONDA	maceta-redonda	publish	2022-03-04 21:43:04	2026-03-26 16:32:30	CMT-220P	0	1250	22425	
22429	BOLARDO METALICO 6" 80CM ALTURA	bolardo-metalico-6-80cm-altura-2	publish	2022-03-04 22:00:54	2026-03-26 16:32:33	BOL-00-05-00	0	1305	22442	
22431	BOLARDO CON LUZ	bolardo-con-luz	publish	2022-03-04 22:08:36	2026-03-26 16:32:32	BOL-PT-01-00	0	1250	22433	
22667	COLUMPIO PP EN A CON 4 ASIENTOS DE BANDA	columpio-de-pp-con-4-canastillas	publish	2022-03-22 21:54:36	2026-03-26 16:32:00	COL-AB-04-00	0	223	22668	
22712	Piso Plástico Modular Verde Trébol	piso-plastico-modular-verde-trebol	publish	2022-03-28 16:48:14	2022-03-28 16:48:14	PPM-VET	248	399	22722	22724,22723
22725	Piso Plástico Modular Terracota	piso-plastico-modular-terracota	publish	2022-03-28 16:48:43	2022-03-28 16:49:45	PPM-TER	248	399	22726	22724,22723
22727	Piso Plástico Modular Verde Limón	piso-plastico-modular-verde-limon	publish	2022-03-28 16:50:01	2022-03-28 16:51:19	PPM-VEL	248	399	22728	22724,22723
22729	Piso Plástico Modular Gris	piso-plastico-modular-gris	publish	2022-03-28 16:51:30	2022-03-28 16:53:42	PPM-GRI	248	399	22730	22724,22723
22731	Piso Plástico Modular Beige	piso-plastico-modular-beige	publish	2022-03-28 16:52:31	2022-03-28 16:53:18	PPM-BEI	248	399	22732	22724,22723
22733	Piso Plástico Modular Negro	piso-plastico-modular-negro	publish	2022-03-28 16:53:52	2022-03-28 16:54:39	PPM-NEG	248	399	22734	22724,22723
22735	Piso Plástico Modular Azul Cobalto	piso-plastico-modular-azul-cobalto	publish	2022-03-28 16:55:01	2022-03-28 16:55:51	PPM-AZC	248	399	22736	22724,22723
22737	Piso Plástico Modular Rojo	piso-plastico-modular-rojo	publish	2022-03-28 16:56:32	2022-12-26 17:26:24	PPM-ROJ	248	399	22738	22724,22723
22739	Piso Plástico Modular Amarillo	piso-plastico-modular-amarillo	publish	2022-03-28 16:57:45	2022-12-26 17:21:48	PPM-AMA	248	399	22740	22724,22723
22897	Castle 1 - Rainbow	fiesta-castle1-rainbow	draft	2022-04-21 17:09:09	2026-03-31 17:55:05	RAI-CP1-2D	277	196	25096	23736
23738	Fiesta Castle 2 - Rainbow	fiesta-castle-2-rainbow	draft	2022-08-23 18:05:22	2026-03-31 17:54:48	RAI-CP2-2B	305	239	31963	28460,28461
24629	BOTE PARANA DOBLE	bote-parana-doble	publish	2022-12-29 17:19:33	2026-03-26 16:32:13	BOT-LP-01-01	0	1331	29536	
24631	BOTE CENTRO HISTORICO DOBLE	bote-centro-historico-doble-bal-172d-2-0	publish	2022-12-29 18:11:55	2026-05-07 18:58:43	BOT-00-01-01	0	1295	24632	
24818	Juego Córdoba	modulo-cordoba	publish	2023-02-08 20:51:00	2026-07-17 19:21:11	MEL-CR-01-00	1154	260	32067	
24820	Juego VIZCAYA	modulo-vizcaya	publish	2023-02-08 21:00:44	2026-07-17 19:21:32	MEL-CR-02-00	1135	258	24976	
24822	Juego VALLADOLID	modulo-valladolid	publish	2023-02-08 21:07:31	2026-07-17 19:21:51	MEL-CR-03-00	1121	258	24823	
24851	Juego Iggy	modulo-iggy	publish	2023-02-09 15:28:42	2026-07-15 18:47:43	EOS-00-04-00	1088	1459	32071	
24856	Juego Yety	modulo-yety	publish	2023-02-09 16:11:23	2026-07-15 18:47:44	EOS-00-05-00	1140	226	32072	
24871	SUBE Y BAJA DE MADERA NATURAL	sube-y-baja-de-madera-natural	publish	2023-02-09 16:42:43	2026-03-26 16:32:09	SUB-MA-01-00	0	233	24872	
24883	EJERCITADOR DE PIERNAS MEDIUM	ejercitador-de-piernas-medium	publish	2023-02-09 18:23:37	2026-03-26 16:32:38	EJE-EM-01-00	0	1438	24884	
24885	EJERCITADOR ABDOMINALES MEDIUM	ejercitador-abdominales-medium	publish	2023-02-09 18:28:42	2026-03-26 16:32:38	EJE-EM-02-00	0	1438	24886	
24887	EJERCITADOR ELIPTICA MEDIUM	ejercitador-eliptica-medium	publish	2023-02-09 18:31:27	2026-03-26 16:32:39	EJE-EM-03-00	0	1438	24888	
24889	EJERCITADOR CAMINADORA MEDIUM	ejercitador-caminadora-medium	publish	2023-02-09 18:35:29	2026-03-26 16:32:40	EJE-EM-04-00	0	1440	24890	
24891	EJERCITADOR POTRO MEDIUM	ejercitador-potro-medium	publish	2023-02-09 18:39:47	2026-03-26 16:32:40	EJE-EM-05-00	0	1438	24892	
24893	EJERCITADOR BARRAS PARALELAS MEDIUM	ejercitador-barras-paralelas-medium	publish	2023-02-09 18:43:15	2026-03-26 16:32:40	EJE-EM-06-00	0	1440	24894	
24895	EJERCITADOR BRAZOS Y MUÑECAS MEDIUM	ejercitador-brazos-y-munecas-medium	publish	2023-02-09 18:49:45	2026-03-26 16:32:41	EJE-EM-07-00	0	1440	24896	
24897	EJERCITADOR MOVIMIENTO DE CINTURA MEDIUM	ejercitador-movimiento-de-cintura-medium	publish	2023-02-09 18:55:35	2026-03-26 16:32:42	EJE-EM-08-00	0	1438	24898	
24899	EJERCITADOR SURFER MEDIUM	ejercitador-surfer-cintura-medium	publish	2023-02-09 18:59:56	2026-03-26 16:32:42	EJE-EM-09-00	0	1440	24900	
24901	EJERCITADOR DE BRAZO MEDIUM	ejercitador-de-brazo-medium	publish	2023-02-09 19:02:37	2026-03-26 16:32:42	EJE-EM-10-00	0	1440	24902	
25233	Juego MADERA A	modulo-madera-a	publish	2023-03-07 16:46:51	2026-07-15 18:47:44	EOS-MA-01-00	1072	308	25234	25235
25243	Pixel Board	pixel-board	private	2023-03-07 17:33:35	2023-03-07 17:44:00	BOA-PT-01-00	0	285	25244	25245
28342	Ensueño	ensueno	publish	2024-02-19 19:09:53	2024-02-19 19:44:21	EOS-PR-34-20	1204	257	32073	
28365	Juego temático jirafa	modulo-tematico-jirafa	publish	2024-02-19 19:15:39	2026-07-15 18:47:44	TEM-PL-15-20	1120	259	32078	
28369	Juego temático  Zebra	modulo-tematico-zebra	publish	2024-02-19 19:45:19	2026-07-15 18:47:44	TEM-PL-16-20	1101	259	32077	
28389			draft	2024-02-21 14:44:54	2024-02-21 14:44:54		0	0		
28398	CUBO DE RETOS BAJOS	cubo-de-retos-bajos	publish	2024-02-21 15:07:52	2026-04-27 16:46:45	TRE-CU-12-00	2577	224	28350	
28399	Pasapies	pasapies	publish	2024-02-21 15:17:12	2024-02-21 15:17:13	PAS-PL-01-00	2035	224	32087	
28409	MONTABLE NESSY	montable-nessy	publish	2024-02-21 15:53:29	2026-03-26 16:32:04	IRE-PL-11-00	1530	223	28354	
28410	MONTABLE DINO	montable-dino	publish	2024-02-21 16:00:50	2026-03-26 16:32:04	IRE-PL-10-00	1530	223	28353	
28412	COLUMPIO DE MADERA	columpio-de-madera	publish	2024-02-21 16:08:39	2026-03-26 16:32:09	COL-MA-01-00	1744	223	28348	
28647	Ejercitador barras paralelas	ejercitador-barras-paralelas	private	2024-03-25 14:47:58	2024-03-25 14:47:58	EJE-BA-21-00	0	221	28648	
28651	GIMNASIO GRANDE DE BARRAS AL AIRE LIBRE	gimnasio-grande-de-barras-al-aire-libre	publish	2024-03-25 14:56:24	2026-03-26 16:32:51	EJE-ID-49-00	0	228	28652	
28654	Gimnasio mediano de barras al aire libre	gimnasio-mediano-de-barras-al-aire-libre	publish	2024-03-25 15:13:55	2024-03-25 15:13:55	EJE-ID-50-00	0	225	32108	
28664	PARED MILITAR	pared-militar	publish	2024-03-25 15:39:47	2026-03-26 16:32:48	EJE-ID-52-00	0	181	28665	
28674	EJERCITADOR BANCO ABDOMINAL HORIZONTAL	ejercitador-banco-abdominal-horizontal	publish	2024-03-25 16:12:16	2026-03-26 16:32:47	EJE-ID-05-01	0	225	28675	
28676	Ejercitador Banco Abdominal Inclinado	ejercitador-banco-abdominal-inclinado	publish	2024-03-25 16:16:23	2024-03-26 14:16:08	EJE-ID-06-00	0	224	28677	
28678	Grua Canina	grua-canina	publish	2024-03-25 16:19:24	2024-03-25 16:20:15	CAN-00-03-00	1050	184	32115	
29276	Pista de Skate ARC-6472	pista-de-skate-arc-6472	publish	2024-07-23 16:38:18	2024-07-23 16:41:24	ARC-6472	0	180	29277	
29280	Pista de Skate ARC-5911	pista-de-skate-arc-5911	publish	2024-07-23 16:49:28	2024-07-23 16:59:59	ARC-5911	0	179	29287	
29281	Speed ring	speed-ring	publish	2024-07-23 16:53:09	2024-07-23 16:53:50	ARCPT-01	0	112	29282	
29284	Triple Threat	triple-threat	publish	2024-07-23 16:56:49	2024-07-23 16:56:50	ARCPT-02	0	96	29285	
29373	BANCA GRAPA	banca-grapa	publish	2024-08-27 22:29:07	2026-03-26 16:32:30	CPL-124	0	273	29374	
29376	Banco Cubo		private	2024-08-27 22:34:21	2024-08-27 22:34:21		0	0		
29377	BANCA CUBO	banco-cubo	publish	2024-08-27 22:41:26	2026-03-26 16:32:30	CPL-224	0	224	29378	
29380	BANCA LINGOTE	banca-lingote	publish	2024-08-27 22:44:22	2026-03-26 16:32:31	CPL-324	0	202	29381	
29383	MESA DE AJEDREZ DE CONCRETO	mesa-de-ajedrez-de-concreto	publish	2024-08-27 22:48:09	2026-03-26 16:32:31	CPL-424	0	235	29384	
29757	GIMNASIO CALISTENIA C	gimnasio-calistenia-c	publish	2024-11-19 19:04:57	2026-04-27 16:47:05	CIR-00-14-00	122	148	29758	
30487	Twister inclusivo	twister-inclusivo	publish	2025-05-26 17:12:07	2025-05-26 17:12:08	KOM-COR203301-1101	0	0	30488	
30490	Spinner bowl	spinner-bowl	publish	2025-05-26 17:18:09	2025-05-26 17:18:10	KOM-ELE400024-3717F	0	0	30491	
30492	Carrusel inclusivo	carrusel-inclusivo	publish	2025-05-26 17:22:16	2025-05-26 17:22:16	KOM-PCM157-0205	0	0	30493	
30494	Carrusel 3 asientos	carrusel-3-asientos	publish	2025-05-26 17:32:35	2025-05-26 17:33:48	KOM-PCM153-0902	0	0	30495	
30496	Wehopper	wehopper	publish	2025-05-26 17:38:09	2025-05-26 17:38:10	KOM-PCM159-1001	0	0	30497	
30498	Columpio péndulo	columpio-pendulo	publish	2025-05-26 17:40:08	2025-05-26 17:40:09	KOM-M98401-1011	0	0	30499	
30500	Bloqx 5	bloqx-5	publish	2025-05-26 17:42:06	2025-05-26 17:42:06	KOM-BLX410501-3717	0	0	30501	
30502	Supernova	supernova	publish	2025-05-26 17:44:09	2025-05-26 17:44:09	KOM-GXY916021-3417	0	0	30503	
30504	Mega deck doble con torre	mega-deck-doble-con-torre	publish	2025-05-26 17:46:11	2025-05-26 17:46:12	KOM-PCM200432-0901	0	0	30505	
30506	Domo sensorial	cupula-sensorial	publish	2025-05-26 17:48:30	2025-06-19 17:00:56	KOM-CRP812001-0404	0	0	30507	
30508	Mariposa, physical	mariposa-physical	publish	2025-05-26 17:50:37	2025-05-26 17:50:40	KOM-COR175101-0403	0	0	30509	
30510	Domo explorer	cupula-explorer	publish	2025-05-26 18:13:56	2025-06-19 17:01:53	KOM-CRP812501-0404	0	0	30511	
30513	Mini cúpula con tobogan	mini-cupula-con-tobogan	publish	2025-05-26 18:25:28	2025-05-26 18:25:30	KOM-CRP810201-0903	0	0	30514	
30515	Giant palacio l+xl & torre mediana	giant-palacio-lxl-torre-mediana	publish	2025-05-26 18:27:06	2025-05-26 18:27:06	KOM-PCT310321-0901	0	0	30516	
30517	El castillo de la bruja	el-castillo-de-la-bruja	publish	2025-05-26 18:28:59	2025-05-26 18:28:59	KOM-NRO2008-1001	0	0	30518	
30519	Cupula jungla	cupula-jungla	publish	2025-05-26 18:30:49	2025-05-26 18:30:50	KOM-NRO836-1201	0	0	30520	
30521	Castillo con torre de vigía	castillo-con-torre-de-vigia	publish	2025-05-26 18:32:36	2025-05-26 18:32:37	KOM-PCM112821-0901	0	0	30522	
30523	Barco man-o-war	barco-man-o-war	publish	2025-05-26 18:34:42	2025-05-26 18:34:43	KOM-PCM113221-0901	0	0	30524	
30525	Cuatro torres con tobogan de tubo	cuatro-torres-con-tobogan-de-tubo	publish	2025-05-26 18:36:34	2025-05-26 18:36:35	KOM-KPL400722-0902	0	0	30526	
30527	Torre de juego con rampa	torre-de-juego-con-rampa	publish	2025-05-26 18:38:31	2025-05-26 18:38:32	KOM-PCM103031-0901	0	0	30528	
30529	Duo climber	duo-climber	publish	2025-05-26 18:41:15	2025-05-26 18:41:16	KOM-PCM81121-0950	0	0	30530	
30532	Torre de los magos doble	torre-de-los-magos-doble	publish	2025-05-26 19:06:44	2025-05-26 19:06:45	KOM-NRO2005-1001	0	0	30533	
30534	Barco explorador mediano	barco-explorador-mediano	publish	2025-05-26 19:28:55	2025-05-26 19:28:56	KOM-NRO542-1021	0	0	30535	
30536	Parcour 9	parcour-9	publish	2025-05-26 20:53:22	2025-05-26 20:53:23	KOM-NRO854-1001	0	0	30538	
30539	Parcour 6	parcour-6	publish	2025-05-26 20:54:56	2025-05-26 20:54:56	KOM-NRO865-1001	0	0	30540	
30541	Buscacaminos	buscacaminos	publish	2025-05-26 20:56:43	2025-05-26 20:57:26	KOM-PCE305121-0603	0	0	30542	
30543	Columpio nido 360	columpio-nido-360	publish	2025-05-26 20:59:39	2025-05-26 20:59:40	KOM-M98301-1009	0	0	30544	
30545	Combi 1 cross training	combi-1-cross-training	publish	2025-05-26 21:03:37	2025-06-03 14:04:44	KOM-FAZ20100-0900	0	0	30546	
30547	Prensa de piernas	prensa-de-piernas	publish	2025-05-26 21:23:57	2025-05-26 21:23:57	KOM-FAZ60300-0001	0	0	30549	
30550	Prensa de pecho	prensa-de-pecho	publish	2025-05-26 21:26:25	2025-05-26 21:26:27	KOM-FAZ60100-0001	0	0	30551	
30552	Banco de abdominales	banco-de-abdominales	publish	2025-05-26 21:29:03	2025-05-26 21:29:03	KOM-FAZ60600-0001	0	0	30553	
30554	Bicicleta elíptica	bicicleta-eliptica	publish	2025-05-26 21:30:50	2025-05-26 21:30:51	KOM-FAZ52100-0801	0	0	30555	
30556	Jalón para espalda	jalon-para-espalda	publish	2025-05-26 21:32:54	2025-05-26 21:32:55	KOM-FAZ60200-0001	0	0	30557	
30558	Prensa de hombros	prensa-de-hombros	publish	2025-05-26 21:36:19	2025-05-26 21:36:20	KOM-FAZ60400-0001	0	0	30559	
30560	Remo horizontal	remo-horizontal	publish	2025-05-26 21:38:49	2025-05-26 21:39:41	KOM-FAZ60500-0001	0	0	30561	
30562	Hiperextensor lumbar	hiperextensor-lumbar	publish	2025-05-26 21:41:20	2025-05-26 21:41:22	KOM-FAZ60700-0001	0	0	30563	
30564	Bicicleta de ciudad	bicicleta-de-ciudad	publish	2025-05-26 21:43:11	2025-05-26 21:44:27	KOM-FAZ50100-0801	0	0	30565	
30731	Juego Freya	modulo-freya	publish	2025-07-07 18:01:48	2026-07-15 18:47:44	MDA-PL-01-00	1399	227	32089	30733
30734	Juego Magni	modulo-magni	publish	2025-07-07 19:18:07	2026-07-15 18:47:45	MDA-PL-02-00	1396	228	32088	30736
31943	Juego Musical B01	juego-musical-b01	publish	2026-02-20 16:01:28	2026-03-11 18:17:12	MUS-CV-03-00	0	0	31944	
31946	Juego Musical PE-D01-A	juego-musical-pe-d01-a	publish	2026-02-20 17:01:00	2026-03-11 18:17:05	MUS-CV-02-00	0	0	31947	
31948	Juego 047A	modulo-047a	publish	2026-02-20 17:21:21	2026-07-15 18:47:45	ZHEJU-047A	0	0	31950	
31951	Juego BRITANIA GRIS	modulo-britania-gris	publish	2026-02-20 17:30:26	2026-07-15 18:47:45	WH-BRITANIA-G 	0	0	31952	
31953	Juego BARCO PIRATA	modulo-barco-pirata	publish	2026-02-20 17:34:44	2026-07-15 18:47:45	WH-BARCOP	0	0	31955	
31956	Juego PARMA	modulo-parma	publish	2026-02-20 17:39:02	2026-07-15 18:47:45	WH-PARMA	0	0	31957	
31958	Juego BARCELONA	modulo-barcelona	publish	2026-02-20 18:08:42	2026-07-15 18:47:45	WH-BARCELONA-GR	0	0	31959	
31960	Juego 125A	modulo-125a	publish	2026-02-20 18:12:57	2026-07-15 18:47:46	ZHEJU-125A	0	0	31961	
32116	GIRATORIO ODÍN	giratorio-odin	publish	2026-03-26 18:04:39	2026-03-26 18:35:44	GIR-PL-03-00	133	175	32117	
32118	GIRATORIO SAGA	giratorio-saga	publish	2026-03-26 18:04:40	2026-03-26 18:35:45	GIR-PL-04-00	159	177	32119	
32120	MESA CIRCULAR PARA ARBOL	mesa-circular-para-arbol	publish	2026-03-26 18:04:40	2026-03-26 18:35:45	MES-MA-01-00	365	183	32121	
32122	MESAPICNIC CHESTER	mesapicnic-chester	publish	2026-03-26 18:04:41	2026-03-26 18:35:45	MES-PM-03-00	238	136	32123	
32124	MESA PICNIC TRIX	mesa-picnic-trix	publish	2026-03-26 18:04:42	2026-03-26 18:35:45	MES-LP-07-00	0	101	32125	
32126	MESA MOEBIUS CON COLUMPIOS EN PLASTIMADERA	mesa-moebius-con-columpios-en-plastimadera	publish	2026-03-26 18:04:42	2026-03-26 18:35:45	MES-LP-04-01	69	105	32127	
32128	APARCABICICLETAS RUDY	aparcabicicletas-rudy	publish	2026-03-26 18:04:43	2026-03-26 18:35:44	APA-00-13-00	256	111	32129	
32130	PARABUS ZAMBA	parabus-zamba	publish	2026-03-26 18:04:44	2026-03-26 18:35:44	BUS-00-02-00	208	148	32131	
32132	LUMINARIA NAVAL 2.20	luminaria-naval-2-20	publish	2026-03-26 18:04:45	2026-03-26 18:35:45	MOB-CV-12	0	252	32133	
32134	LUMINARIA VELA 2.20	luminaria-vela-2-20	publish	2026-03-26 18:04:46	2026-03-26 18:35:45	PIL-CV-01-00	0	252	32135	
32136	LUMINARIA VELA 2.60	luminaria-vela-2-60	publish	2026-03-26 18:04:46	2026-03-26 18:35:45	PIL-CV-02-00	0	252	32137	
32138	TIROLESA	tirolesa	publish	2026-03-26 19:03:56	2026-03-26 19:12:24	TIR-00-01-00	116	187	32139	
32140	Juego DE MADERA BASICO	modulo-de-madera-basico	publish	2026-03-26 19:03:57	2026-07-15 18:47:46	EOS-MA-03-00	127	154	32141	
32142	CAÑON DE AGUA	canon-de-agua	publish	2026-03-26 19:03:58	2026-03-26 19:03:58	JAI-219	0	0	32143	
32144	CUBETAS DE VOLTEO	cubetas-de-volteo	publish	2026-03-26 19:03:59	2026-03-26 19:03:59	JAI-319	0	0	32145	
32146	TOP-IT-TOPE DE CONTENSION	top-it-tope-de-contension	publish	2026-03-26 19:04:00	2026-05-07 18:58:40	LEPDM-AMA	197	90	32147	
32148	TARDO MODULAR	tardo-modular	publish	2026-03-26 19:04:00	2026-05-07 18:58:40	LETDM-AMA	197	92	32149	
32150	TARDO CABECERO MACHO	tardo-cabecero-macho	publish	2026-03-26 19:04:01	2026-05-07 18:58:40	LEPDM-MAC	197	92	32151	
32152	TARDO CABECERO HEMBRA	tardo-cabecero-hembra	publish	2026-03-26 19:04:01	2026-05-07 18:58:40	LEPDM-HEM	197	92	32153	
32188	VERONA	verona-2	publish	2026-04-16 20:09:54	2026-07-17 19:22:11	MEC-CR-06-00	804	0	32161	
32189	Juego IBIZA	modulo-ibiza	publish	2026-04-27 16:46:38	2026-07-17 19:22:31	MEV-CR-01-00	808	0	32162	
32190	Juego CALIFORNIA	modulo-california	publish	2026-04-27 16:46:39	2026-07-17 19:22:51	MER-PR-03-00	832	0	32163	
32191	Juego PARIS	modulo-paris	publish	2026-04-27 16:46:39	2026-07-17 19:23:09	MER-PR-04-00	865	0	32164	
32192	Juego ARKANSAS	modulo-arkansas	publish	2026-04-27 16:46:39	2026-07-17 19:23:28	MER-PR-01-00	1005	0	32165	
32193	Juego RANDOLPH	modulo-randolph	publish	2026-04-27 16:46:40	2026-07-17 19:23:48	MER-PR-08-00	950	0	32166	
32194	Juego PARMA	modulo-parma-2	publish	2026-04-27 16:46:40	2026-07-17 19:24:11	MEV-CR-02-00	990	0	32167	
32195	Juego BRITANIA	modulo-britania	publish	2026-04-27 16:46:41	2026-07-17 19:24:35	MER-PR-05-00	1187	0	32171	
32196	Juego ESPAÑA	modulo-espana	publish	2026-04-27 16:46:42	2026-07-17 19:24:53	MEC-CR-02-00	1227	0	32172	
32197	Juego TREN	modulo-tren	publish	2026-04-27 16:46:43	2026-07-15 18:47:47	TEM-PR-07-20	1188	0	32175	
32198	Juego IMPERIO	modulo-imperio	publish	2026-04-27 16:46:43	2026-07-17 19:25:12	MEC-CR-07-00	1437	0	32176	
32199	Juego MAINE INCLUSIVO	modulo-maine-inclusivo	publish	2026-04-27 16:46:48	2026-07-17 19:25:32	MEC-CR-08-00	551	0	32177	
32200	Juego INDIANA INCLUSIVO	modulo-indiana-inclusivo	publish	2026-04-27 16:46:48	2026-07-15 18:47:48	EOS-IN-04-01	775	0	32178	
32201	BANCA FUJI A	banca-fuji-a	publish	2026-04-16 20:10:02	2026-04-27 16:46:49	BAN-PM-01-00	435	0	32179	
32202	BANCA FUJI B	banca-fuji-b	publish	2026-04-27 16:46:49	2026-04-27 16:46:49	BAN-PM-01-01	437	0	32180	
32203	EJERCITADOR AROS CORTO Y 2 POSTES	ejercitador-aros-corto-y-2-postes	publish	2026-04-27 16:47:00	2026-04-27 16:47:00	EJE-EST-05-00	328	0	32182	
32204	EJERCITADOR BARRAS DE ESTIRAMIENTO	ejercitador-barras-de-estiramiento	publish	2026-04-27 16:47:01	2026-04-27 16:47:01	EJE-EST-10-00	305	0	32183	
32205	EJERCITADOR BARRAS DOMINADAS Y DOS POSTES	ejercitador-barras-dominadas-y-dos-postes	publish	2026-04-27 16:47:02	2026-04-27 16:47:02	EJE-EST-09-00	312	0	32184	
32206	EJERCITADOR POTRO	potro-raider	publish	2026-04-27 16:46:54	2026-04-27 16:46:54	OKST-J02X	357	0		
32207	EJERCITADOR CAMINADORA OK	ejercitador-caminadora-ok	publish	2026-04-27 16:46:55	2026-04-27 16:46:55	OKST-M04X	295	0		
32208	EJERCITADO REMADORA OK	ejercitado-remadora-ok	publish	2026-04-27 16:46:55	2026-04-27 16:46:55	OKOK-H01	294	0		
32209	EJERCITADOR ELIPTICA OK	ejercitador-eliptica-ok	publish	2026-04-27 16:46:55	2026-04-27 16:46:55	OKST-T08X	291	0		
32210	EJERCITADOR BICICLETA OK	ejercitador-bicicleta-ok	publish	2026-04-27 16:46:56	2026-04-27 16:46:56	OKOK-Z08A	294	0		
32211	EJERCITADOR ABDOMINALES OK DOBLE	ejercitador-abdominales-ok-doble	publish	2026-04-27 16:46:56	2026-04-27 16:46:56	OKST-F01X	295	0		
32212	EJERCITADOR MOVIMIENTO DE CINTURA TRIPLE	ejercitador-movimiento-de-cintura-triple	publish	2026-04-27 16:46:56	2026-04-27 16:46:56	OKST-Z05X	295	0		
32213	EJERCITADOR SURFER OK DOBLE	surfeando	publish	2026-04-27 16:46:57	2026-04-27 16:46:57	OKST-C01X	292	0		
32214	EJERCITADOR DE PIERNAS OK DOBLE	ejercitador-de-piernas-ok-doble	publish	2026-04-27 16:46:57	2026-04-27 16:46:57	OKST-Z01X	295	0		
32215	EJERCITADOR BRAZOS OK DOBLE	ejercitador-de-brazo	publish	2026-04-27 16:46:57	2026-04-27 16:46:57	OKST-Z04X	290	0		
32216	EJERCITADOR DE PECHO OK DOBLE	ejercitador-de-pecho	publish	2026-04-27 16:46:58	2026-04-27 16:46:58	OKST-Z03X	293	0		
32217	EJERCITADOR CINTURA Y ESCALERAS OK	cintura-y-escalera	publish	2026-04-27 16:46:59	2026-04-27 16:46:59	OKOK-N01	296	0		
32218	EJERCITADOR BARRAS PARALELAS OK DOBLE	ejercitador-barras-paralelas-ok-doble	publish	2026-04-27 16:46:59	2026-04-27 16:46:59	OKST-S03X	291	0		
32219	PANEL CUENTA CONMIGO	panel-cuenta-conmigo	publish	2026-04-27 16:47:07	2026-04-27 16:47:07	EDU-PL-01-00	273	0		
32220	PANEL CUENTA FICHAS (1-5)	panel-cuenta-fichas-1-5	publish	2026-04-27 16:47:08	2026-04-27 16:47:08	EDU-PL-02-00	275	0		
32221	PANEL CUENTA FICHA (6-10)	panel-cuenta-ficha-6-10	publish	2026-04-27 16:47:09	2026-04-27 16:47:09	EDU-PL-03-00	275	0		
32222	PANEL CUENTA FICHA (0-5)	panel-cuenta-ficha-0-5	publish	2026-04-27 16:47:09	2026-04-27 16:47:09	EDU-PL-04-00	275	0		
32223	PANEL DELETREA	panel-deletrea	publish	2026-04-27 16:47:10	2026-04-27 16:47:10	EDU-PL-06-00	274	0		
32224	PANEL CREA PALABRAS	panel-crea-palabras	publish	2026-04-27 16:47:10	2026-04-27 16:47:10	EDU-PL-07-00	274	0		
32225	Juego D_LETREA	modulo-d_letrea	publish	2026-04-27 16:47:11	2026-07-15 18:47:48	EDU-PL-08-00	275	0		
32226	Juego OPERACIONES	modulo-operaciones	publish	2026-04-27 16:47:11	2026-07-15 18:47:48	EDU-PL-05-00	275	0		
32227	TOTEM CUADRADO	totem-cuadrado	publish	2026-04-27 16:47:12	2026-04-27 16:47:12	EDU-PL-09-00	274	0		
32228	TOTEM HEXAGONAL	totem-hexagonal	publish	2026-04-27 16:47:13	2026-04-27 16:47:13	EDU-PL-10-00	272	0		
32230	APARCABICICLETAS ANGULAR	aparcabicicletas-angular	publish	2026-04-27 16:46:51	2026-05-07 18:58:41	APA-00-10-00	349	0		
32231	EJERCITADOR BARRAS PARALELAS Y 2 POSTES	ejercitador-barras-paralelas-y-2-postes	publish	2026-04-27 16:47:03	2026-04-27 16:47:03	EJE-EST-07-00	319	0		
32232	EJERCITADOR DOMINADAS BARRAS DOBLE INCLUSIVO	ejercitador-dominadas-barras-doble-inclusivo	publish	2026-04-27 16:47:05	2026-04-27 16:47:05	EJE-IN-01-00	167	0		
