sku	classification	repository_count	repository_ids	repository_statuses	repository_names	staging_count	staging_ids	staging_statuses	staging_names	production_count	production_ids	production_statuses	production_names
ALA-PT-01-00	all_three	1	7430	draft	Alas Lucendi (PTJ-118)	1	7430	draft	Alas Lucendi (PTJ-118)	1	7430	draft	Alas Lucendi (PTJ-118)
APA-00-01-00	all_three	1	6467	publish	APARCABICICLETA ONE CURVO	1	6467	publish	APARCABICICLETA ONE CURVO	1	6467	publish	APARCABICICLETA ONE CURVO
APA-00-03-00	all_three	1	6472	publish	APARCABICICLETA ONE SEMIONDULADO	1	6472	publish	APARCABICICLETA ONE SEMIONDULADO	1	6472	publish	APARCABICICLETA ONE SEMIONDULADO
APA-00-04-00	all_three	1	8350	publish	APARCABICICLETAS ONE MARCO	1	8350	publish	APARCABICICLETAS ONE MARCO	1	8350	publish	APARCABICICLETAS ONE MARCO
APA-00-05-00	all_three	1	6445	publish	APARCABICICLETA ONE RECTANGULAR	1	6445	publish	APARCABICICLETA ONE RECTANGULAR	1	6445	publish	APARCABICICLETA ONE RECTANGULAR
APA-00-06-00	all_three	1	6448	publish	APARCABICICLETA SIX ONDULADO	1	6448	publish	APARCABICICLETA SIX ONDULADO	1	6448	publish	APARCABICICLETA SIX ONDULADO
APA-00-07-00	all_three	1	6474	publish	APARCABICICLETA THREE TRIANGULAR	1	6474	publish	APARCABICICLETA THREE TRIANGULAR	1	6474	publish	APARCABICICLETA THREE TRIANGULAR
APA-00-10-00	all_three	1	32334	publish	APARCABICICLETAS ANGULAR	1	32230	publish	APARCABICICLETAS ANGULAR	1	32334	publish	APARCABICICLETAS ANGULAR
APA-00-13-00	all_three	1	32109	publish	APARCABICICLETAS RUDY	1	32128	publish	APARCABICICLETAS RUDY	1	32109	publish	APARCABICICLETAS RUDY
ARC-5911	all_three	1	29280	publish	Pista de Skate ARC-5911	1	29280	publish	Pista de Skate ARC-5911	1	29280	publish	Pista de Skate ARC-5911
ARC-6472	all_three	1	29276	publish	Pista de Skate ARC-6472	1	29276	publish	Pista de Skate ARC-6472	1	29276	publish	Pista de Skate ARC-6472
ARCPT-01	all_three	1	29281	publish	Speed ring	1	29281	publish	Speed ring	1	29281	publish	Speed ring
ARCPT-02	all_three	1	29284	publish	Triple Threat	1	29284	publish	Triple Threat	1	29284	publish	Triple Threat
BAN-00-01-00	all_three	1	6318	publish	BANCA LOA LAMINA	1	6318	publish	BANCA LOA LAMINA	1	6318	publish	BANCA LOA LAMINA
BAN-00-02-00	all_three	1	6389	publish	BANCA VELETA	1	6389	publish	BANCA VELETA	1	6389	publish	BANCA VELETA
BAN-00-04-00	all_three	1	6810	publish	BANCA CON PERFILES	1	6810	publish	BANCA CON PERFILES	1	6810	publish	BANCA CON PERFILES
BAN-00-05-00	all_three	1	6350	publish	BANCA PISSIS	1	6350	publish	BANCA PISSIS	1	6350	publish	BANCA PISSIS
BAN-00-07-00	all_three	1	6346	publish	BANCA ALPES	1	6346	publish	BANCA ALPES	1	6346	publish	BANCA ALPES
BAN-00-09-00	all_three	1	6283	publish	BANCA HIMALAYA	1	6283	publish	BANCA HIMALAYA	1	6283	publish	BANCA HIMALAYA
BAN-00-10-00	all_three	1	22365	publish	BANCA CIRCULAR CON ASIENTO	1	22365	publish	BANCA CIRCULAR CON ASIENTO	1	22365	publish	BANCA CIRCULAR CON ASIENTO
BAN-CR-01-00	all_three	1	6414	publish	BANCA VINSONS	1	6414	publish	BANCA VINSONS	1	6414	publish	BANCA VINSONS
BAN-CR-02-00	all_three	1	6426	publish	BANCA DEVI	1	6426	publish	BANCA DEVI	1	6426	publish	BANCA DEVI
BAN-CR-04-00	all_three	1	7292	publish	BANCA VINSONS KLEIN	1	7292	publish	BANCA VINSONS KLEIN	1	7292	publish	BANCA VINSONS KLEIN
BAN-CR-05-00	all_three	1	22386	publish	BANCA VINSONS B	1	22386	publish	BANCA VINSONS B	1	22386	publish	BANCA VINSONS B
BAN-IN-01-00	all_three	1	6341	publish	BANCA LOGAN INCLUSIVA	1	6341	publish	BANCA LOGAN INCLUSIVA	1	6341	publish	BANCA LOGAN INCLUSIVA
BAN-IN-02-00	all_three	1	8328	publish	BANCA LOGAN INCLUSIVA PVC	1	8328	publish	BANCA LOGAN INCLUSIVA PVC	1	8328	publish	BANCA LOGAN INCLUSIVA PVC
BAN-IX-01-00	all_three	1	8359	publish	BANCA LOA INOX	1	8359	publish	BANCA LOA INOX	1	8359	publish	BANCA LOA INOX
BAN-LP-03-00	all_three	1	6335	publish	BANCA PALERMO	1	6335	publish	BANCA PALERMO	1	6335	publish	BANCA PALERMO
BAN-LP-04-00	all_three	1	6330	publish	BANCA AKIER	1	6330	publish	BANCA AKIER	1	6330	publish	BANCA AKIER
BAN-LP-06-00	all_three	1	6312	publish	BANCA CIRCULAR	1	6312	publish	BANCA CIRCULAR	1	6312	publish	BANCA CIRCULAR
BAN-LP-07-00	all_three	1	6288	publish	BANCA EVEREST	1	6288	publish	BANCA EVEREST	1	6288	publish	BANCA EVEREST
BAN-MA-01-00	all_three	1	22359	publish	BANCA CIRCULAR JUNKO	1	22359	publish	BANCA CIRCULAR JUNKO	1	22359	publish	BANCA CIRCULAR JUNKO
BAN-MS-03-01	all_three	1	6400	publish	BANCA TINDAYA SIN RESPALDO	1	6400	publish	BANCA TINDAYA SIN RESPALDO	1	6400	publish	BANCA TINDAYA SIN RESPALDO
BAN-PL-02-00	all_three	1	7479	publish	BANCA ONON	1	7479	publish	BANCA ONON	1	7479	publish	BANCA ONON
BAN-PM-01-00	all_three	1	32296	publish	BANCA FUJI A	1	32201	publish	BANCA FUJI A	1	32296	publish	BANCA FUJI A
BAN-PM-01-01	all_three	1	32302	publish	BANCA FUJI B	1	32202	publish	BANCA FUJI B	1	32302	publish	BANCA FUJI B
BAN-PM-04-00	all_three	1	6299	publish	BANCA TÁCANA	1	6299	publish	BANCA TÁCANA	1	6299	publish	BANCA TÁCANA
BAN-PM-05-00	all_three	1	6360	publish	BANCA PARA BOLERO	1	6360	publish	BANCA PARA BOLERO	1	6360	publish	BANCA PARA BOLERO
BAN-PM-07-00	all_three	1	6354	publish	BANCA BARCENA	1	6354	publish	BANCA BARCENA	1	6354	publish	BANCA BARCENA
BAN-PM-10-00	all_three	1	6721	publish	BANCA CENTRO HISTORICO CON PLASTIMADERA	1	6721	publish	BANCA CENTRO HISTORICO CON PLASTIMADERA	1	6721	publish	BANCA CENTRO HISTORICO CON PLASTIMADERA
BAN-PP-01-00	all_three	1	6293	publish	BANCA PMP PLASTIMADERA	1	6293	publish	BANCA PMP PLASTIMADERA	1	6293	publish	BANCA PMP PLASTIMADERA
BAN-PP-03-00	all_three	1	6374	publish	BANCA PUMORI PLASTIMADERA	1	6374	publish	BANCA PUMORI PLASTIMADERA	1	6374	publish	BANCA PUMORI PLASTIMADERA
BAN-PP-04-00	all_three	1	8316	publish	BANCA KIRO	1	8316	publish	BANCA KIRO	1	8316	publish	BANCA KIRO
BAN-PP-05-00	all_three	1	7480	publish	BANCA IKA	1	7480	publish	BANCA IKA	1	7480	publish	BANCA IKA
BAN-PP-08-00	all_three	1	6324	publish	BANCA LOA PLASTIMADERA	1	6324	publish	BANCA LOA PLASTIMADERA	1	6324	publish	BANCA LOA PLASTIMADERA
BAN-PP-09-00	all_three	1	6390	publish	BANCA MIKENO	1	6390	publish	BANCA MIKENO	1	6390	publish	BANCA MIKENO
BAN-PT-04-00	all_three	1	7445	publish	BANCA LUCENDI	1	7445	publish	BANCA LUCENDI	1	7445	publish	BANCA LUCENDI
BAN-PT-05-00	all_three	1	7446	publish	BANCA MEDIA LUNA LUCENDI	1	7446	publish	BANCA MEDIA LUNA LUCENDI	1	7446	publish	BANCA MEDIA LUNA LUCENDI
BAN-PT-06-00	all_three	1	7442	private	Banca de Luz (PTJ-BL)	1	7442	private	Banca de Luz (PTJ-BL)	1	7442	private	Banca de Luz (PTJ-BL)
BAN-PV-01-00	all_three	1	8336	publish	BANCA PUMORI PVC	1	8336	publish	BANCA PUMORI PVC	1	8336	publish	BANCA PUMORI PVC
BAN-PV-02-00	all_three	1	8314	publish	BANCA PMP PVC	1	8314	publish	BANCA PMP PVC	1	8314	publish	BANCA PMP PVC
BOA-PT-01-00	all_three	1	25243	private	Pixel Board	1	25243	private	Pixel Board	1	25243	private	Pixel Board
BOL-00-01-00	all_three	1	6531	publish	BOLARDO METALICO	1	6531	publish	BOLARDO METALICO	1	6531	publish	BOLARDO METALICO
BOL-00-02-00	all_three	1	6540	publish	BOLARDO CUADRADO	1	6540	publish	BOLARDO CUADRADO	1	6540	publish	BOLARDO CUADRADO
BOL-00-03-00	all_three	1	6538	publish	BOLARDO TRIANGULAR	1	6538	publish	BOLARDO TRIANGULAR	1	6538	publish	BOLARDO TRIANGULAR
BOL-00-04-00	all_three	1	8367	publish	"BOLARDO METALICO 4"" 60 CM ALTURA"	1	8367	publish	"BOLARDO METALICO 4"" 60 CM ALTURA"	1	8367	publish	"BOLARDO METALICO 4"" 60 CM ALTURA"
BOL-00-05-00	all_three	1	22429	publish	"BOLARDO METALICO 6"" 80CM ALTURA"	1	22429	publish	"BOLARDO METALICO 6"" 80CM ALTURA"	1	22429	publish	"BOLARDO METALICO 6"" 80CM ALTURA"
BOL-IX-01-00	all_three	1	8363	publish	BOLARDO 5 INOX	1	8363	publish	BOLARDO 5 INOX	1	8363	publish	BOLARDO 5 INOX
BOL-IX-02-00	all_three	1	8364	publish	BOLARDO 3 INOX	1	8364	publish	BOLARDO 3 INOX	1	8364	publish	BOLARDO 3 INOX
BOL-PT-01-00	all_three	1	22431	publish	BOLARDO CON LUZ	1	22431	publish	BOLARDO CON LUZ	1	22431	publish	BOLARDO CON LUZ
BOT-00-01-00	all_three	1	6207	publish	BOTE CENTRO HISTORICO	1	6207	publish	BOTE CENTRO HISTORICO	1	6207	publish	BOTE CENTRO HISTORICO
BOT-00-01-01	all_three	1	24631	publish	BOTE CENTRO HISTORICO DOBLE	1	24631	publish	BOTE CENTRO HISTORICO DOBLE	1	24631	publish	BOTE CENTRO HISTORICO DOBLE
BOT-00-02-00	all_three	1	6236	publish	BOTE KUMA	1	6236	publish	BOTE KUMA	1	6236	publish	BOTE KUMA
BOT-00-03-00	all_three	1	6218	publish	BOTE MOSCOVA	1	6218	publish	BOTE MOSCOVA	1	6218	publish	BOTE MOSCOVA
BOT-00-04-00	all_three	1	22348	publish	BOTE TRIANGULAR	1	22348	publish	BOTE TRIANGULAR	1	22348	publish	BOTE TRIANGULAR
BOT-00-05-00	all_three	1	6267	publish	BOTE CUADRADO	1	6267	publish	BOTE CUADRADO	1	6267	publish	BOTE CUADRADO
BOT-IX-01-00	all_three	1	8361	publish	BOTE GANGES	1	8361	publish	BOTE GANGES	1	8361	publish	BOTE GANGES
BOT-IX-02-00	all_three	1	6520	publish	BOTE GRIJALVA DOBLE CON TAPA	1	6520	publish	BOTE GRIJALVA DOBLE CON TAPA	1	6520	publish	BOTE GRIJALVA DOBLE CON TAPA
BOT-LP-01-00	all_three	1	6260	publish	BOTE PARANA	1	6260	publish	BOTE PARANA	1	6260	publish	BOTE PARANA
BOT-LP-01-01	all_three	1	24629	publish	BOTE PARANA DOBLE	1	24629	publish	BOTE PARANA DOBLE	1	24629	publish	BOTE PARANA DOBLE
BOT-LP-02-00	all_three	1	6230	publish	BOTE OKA	1	6230	publish	BOTE OKA	1	6230	publish	BOTE OKA
BOT-LP-02-02	all_three	1	22346	publish	BOTE OKA PERFORADA	1	22346	publish	BOTE OKA PERFORADA	1	22346	publish	BOTE OKA PERFORADA
BOT-LP-03-00	all_three	1	6210	publish	BOTE GRIJALVA	1	6210	publish	BOTE GRIJALVA	1	6210	publish	BOTE GRIJALVA
BOT-LP-03-01	all_three	1	6243	publish	BOTE GRIJALVA DOBLE	1	6243	publish	BOTE GRIJALVA DOBLE	1	6243	publish	BOTE GRIJALVA DOBLE
BOT-LP-04-00	all_three	1	6251	publish	BOTE RIN	1	6251	publish	BOTE RIN	1	6251	publish	BOTE RIN
BOT-LP-04-01	all_three	1	6255	publish	BOTE RIN DOBLE	1	6255	publish	BOTE RIN DOBLE	1	6255	publish	BOTE RIN DOBLE
BOT-LP-04-02	all_three	1	6256	publish	BOTE RIN TRIPLE	1	6256	publish	BOTE RIN TRIPLE	1	6256	publish	BOTE RIN TRIPLE
BOT-LP-05-00	all_three	1	6247	publish	BOTE ZAIRE	1	6247	publish	BOTE ZAIRE	1	6247	publish	BOTE ZAIRE
BOT-LP-05-01	all_three	1	6264	publish	BOTE MISISIPI	1	6264	publish	BOTE MISISIPI	1	6264	publish	BOTE MISISIPI
BOT-LP-07-00	all_three	1	6205	publish	BOTE TOKYO	1	6205	publish	BOTE TOKYO	1	6205	publish	BOTE TOKYO
BOT-PL-01-00	all_three	1	6278	publish	BOTE ONON	1	6278	publish	BOTE ONON	1	6278	publish	BOTE ONON
BOT-PM-01-00	all_three	1	6271	publish	BOTE CIRCULAR	1	6271	publish	BOTE CIRCULAR	1	6271	publish	BOTE CIRCULAR
BOT-PM-02-00	all_three	1	22344	publish	BOTE OKA PLASTIMADERA	1	22344	publish	BOTE OKA PLASTIMADERA	1	22344	publish	BOTE OKA PLASTIMADERA
BUS-00-01-00	all_three	1	7505	publish	PARABUS TECH	1	7505	publish	PARABUS TECH	1	7505	publish	PARABUS TECH
BUS-00-02-00	all_three	1	32111	publish	PARABUS ZAMBA	1	32130	publish	PARABUS ZAMBA	1	32111	publish	PARABUS ZAMBA
BUS-LP-01-00	all_three	1	6569	publish	PARABUS LONG	1	6569	publish	PARABUS LONG	1	6569	publish	PARABUS LONG
BUS-TP-01-00	all_three	1	8370	publish	PARABUS BASIC	1	8370	publish	PARABUS BASIC	1	8370	publish	PARABUS BASIC
BUS-TP-02-00	all_three	1	6575	publish	PARABUS FULL	1	6575	publish	PARABUS FULL	1	6575	publish	PARABUS FULL
CAN-00-02-00	all_three	1	6760	publish	SLALOM CANINO	1	6760	publish	SLALOM CANINO	1	6760	publish	SLALOM CANINO
CAN-00-03-00	all_three	1	28678	publish	Grua Canina	1	28678	publish	Grua Canina	1	28678	publish	Grua Canina
CAN-PL-01-00	all_three	1	6736	publish	TUNEL CANINO	1	6736	publish	TUNEL CANINO	1	6736	publish	TUNEL CANINO
CAN-PL-02-00	all_three	1	6748	publish	AROS CANINO	1	6748	publish	AROS CANINO	1	6748	publish	AROS CANINO
CAN-PL-03-00	all_three	1	22209	publish	SALTO ARO CANINO	1	22209	publish	SALTO ARO CANINO	1	22209	publish	SALTO ARO CANINO
CAN-PL-05-00	all_three	1	6752	publish	SALTO DOBLE CANINO	1	6752	publish	SALTO DOBLE CANINO	1	6752	publish	SALTO DOBLE CANINO
CAN-PL-06-00	all_three	1	6741	publish	VALLAS CANINO	1	6741	publish	VALLAS CANINO	1	6741	publish	VALLAS CANINO
CAN-PL-07-00	all_three	1	6731	publish	BANCA DE HUESO CANINO	1	6731	publish	BANCA DE HUESO CANINO	1	6731	publish	BANCA DE HUESO CANINO
CAN-PL-08-00	all_three	1	6757	publish	GRADAS CANINO	1	6757	publish	GRADAS CANINO	1	6757	publish	GRADAS CANINO
CAN-PL-09-00	all_three	1	7513	publish	MINI RAMPA CANINO	1	7513	publish	MINI RAMPA CANINO	1	7513	publish	MINI RAMPA CANINO
CAN-PL-10-00	all_three	1	6747	publish	BALANCIN CANINO	1	6747	publish	BALANCIN CANINO	1	6747	publish	BALANCIN CANINO
CAN-PL-11-00	all_three	1	6755	publish	MESA CANINA	1	6755	publish	MESA CANINA	1	6755	publish	MESA CANINA
CAN-PL-12-00	all_three	1	6739	publish	RAMPA CANINA	1	6739	publish	RAMPA CANINA	1	6739	publish	RAMPA CANINA
CAN-PL-15-00	all_three	1	6750	publish	BEBEDERO CANINO	1	6750	publish	BEBEDERO CANINO	1	6750	publish	BEBEDERO CANINO
CAN-PM-01-00	all_three	1	6763	publish	PASARELA CANINO	1	6763	publish	PASARELA CANINO	1	6763	publish	PASARELA CANINO
CAN-PP-01-00	all_three	1	8012	publish	POSTE DE BOLSAS CON BASURERO CANINO	1	8012	publish	POSTE DE BOLSAS CON BASURERO CANINO	1	8012	publish	POSTE DE BOLSAS CON BASURERO CANINO
CIR-00-02-00	all_three	1	6361	publish	CIRCUITO CALISTENIA BASICO	1	6361	publish	CIRCUITO CALISTENIA BASICO	1	6361	publish	CIRCUITO CALISTENIA BASICO
CIR-00-03-00	all_three	1	6364	publish	CIRCUITO CALISTENIA COMPLETO	1	6364	publish	CIRCUITO CALISTENIA COMPLETO	1	6364	publish	CIRCUITO CALISTENIA COMPLETO
CIR-00-04-00	all_three	1	6392	publish	CIRCUITO CROSS-FIT	1	6392	publish	CIRCUITO CROSS-FIT	1	6392	publish	CIRCUITO CROSS-FIT
CIR-00-06-00	all_three	1	6401	publish	CIRCUITO PARA DEPORTES	1	6401	publish	CIRCUITO PARA DEPORTES	1	6401	publish	CIRCUITO PARA DEPORTES
CIR-00-07-00	all_three	1	6405	publish	CIRCUITO DE EJERCICIOS BASIC	1	6405	publish	CIRCUITO DE EJERCICIOS BASIC	1	6405	publish	CIRCUITO DE EJERCICIOS BASIC
CIR-00-08-00	all_three	1	6411	publish	CIRCUITO DE EJERCICIOS COMPLETO	1	6411	publish	CIRCUITO DE EJERCICIOS COMPLETO	1	6411	publish	CIRCUITO DE EJERCICIOS COMPLETO
CIR-00-09-00	all_three	1	6416	publish	CIRCUITO DE EJERCICIOS	1	6416	publish	CIRCUITO DE EJERCICIOS	1	6416	publish	CIRCUITO DE EJERCICIOS
CIR-00-10-00	all_three	1	6423	publish	CIRCUITO HEXÁGONO DE EJERCICIO	1	6423	publish	CIRCUITO HEXÁGONO DE EJERCICIO	1	6423	publish	CIRCUITO HEXÁGONO DE EJERCICIO
CIR-00-11-00	all_three	1	6425	publish	CIRCUITO NINJA	1	6425	publish	CIRCUITO NINJA	1	6425	publish	CIRCUITO NINJA
CIR-00-14-00	all_three	1	29757	publish	GIMNASIO CALISTENIA C	1	29757	publish	GIMNASIO CALISTENIA C	1	29757	publish	GIMNASIO CALISTENIA C
CMT-118B	all_three	1	6526	publish	Banca Tikal	1	6526	publish	Banca Tikal	1	6526	publish	Banca Tikal
CMT-120P	all_three	1	19111	publish	BANCA COMPLETA	1	19111	publish	BANCA COMPLETA	1	19111	publish	BANCA COMPLETA
CMT-218B	all_three	1	6528	publish	Banco Angkor	1	6528	publish	Banco Angkor	1	6528	publish	Banco Angkor
CMT-220P	all_three	1	22424	publish	MACETA REDONDA	1	22424	publish	MACETA REDONDA	1	22424	publish	MACETA REDONDA
CMT-320P	all_three	1	22421	publish	MACETA TRAPECIO	1	22421	publish	MACETA TRAPECIO	1	22421	publish	MACETA TRAPECIO
CMT-420P	all_three	1	22422	publish	MACETA ALTA	1	22422	publish	MACETA ALTA	1	22422	publish	MACETA ALTA
CMT-520P	all_three	1	22419	publish	JARDINERA BAJA	1	22419	publish	JARDINERA BAJA	1	22419	publish	JARDINERA BAJA
COL-00-01-00	all_three	1	22370	publish	2 COLUMPIOS ARIA	1	22370	publish	2 COLUMPIOS ARIA	1	22370	publish	2 COLUMPIOS ARIA
COL-AB-01-00	all_three	1	7780	publish	COLUMPIO PP EN A CON 2 ASIENTOS DE BANDA	1	7780	publish	COLUMPIO PP EN A CON 2 ASIENTOS DE BANDA	1	7780	publish	COLUMPIO PP EN A CON 2 ASIENTOS DE BANDA
COL-AB-02-00	all_three	1	19063	publish	COLUMPIO PP EN A 3 ASIENTOS DE BANDA	1	19063	publish	COLUMPIO PP EN A 3 ASIENTOS DE BANDA	1	19063	publish	COLUMPIO PP EN A 3 ASIENTOS DE BANDA
COL-AB-03-00	all_three	1	7783	publish	COLUMPIO PP EN U CON 3 ASIENTOS DE BANDA	1	7783	publish	COLUMPIO PP EN U CON 3 ASIENTOS DE BANDA	1	7783	publish	COLUMPIO PP EN U CON 3 ASIENTOS DE BANDA
COL-AB-04-00	all_three	1	22667	publish	COLUMPIO PP EN A CON 4 ASIENTOS DE BANDA	1	22667	publish	COLUMPIO PP EN A CON 4 ASIENTOS DE BANDA	1	22667	publish	COLUMPIO PP EN A CON 4 ASIENTOS DE BANDA
COL-AB-06-00	all_three	1	7791	publish	COLUMPIO KRONE	1	7791	publish	COLUMPIO KRONE	1	7791	publish	COLUMPIO KRONE
COL-AB-10-00	all_three	1	6962	publish	COLUMPIO RESIDENCIAL 2 CANASTILLAS	1	6962	publish	COLUMPIO RESIDENCIAL 2 CANASTILLAS	1	6962	publish	COLUMPIO RESIDENCIAL 2 CANASTILLAS
COL-AS-01-00	all_three	1	7781	publish	COLUMPIO PP EN A CON 2 ASIENTOS DE SEGURIDAD	1	7781	publish	COLUMPIO PP EN A CON 2 ASIENTOS DE SEGURIDAD	1	7781	publish	COLUMPIO PP EN A CON 2 ASIENTOS DE SEGURIDAD
COL-BS-01-00	all_three	1	7789	publish	COLUMPIO CANGURO	1	7789	publish	COLUMPIO CANGURO	1	7789	publish	COLUMPIO CANGURO
COL-CR-03-00	all_three	1	7077	publish	Pasamanos Curvo con Canastilla Compuesto Plástico Reforzado	1	7077	publish	Pasamanos Curvo con Canastilla Compuesto Plástico Reforzado	1	7077	publish	Pasamanos Curvo con Canastilla Compuesto Plástico Reforzado
COL-IN-03-00	all_three	1	6494	publish	COLUMPIO CON CAMASTRO DE PLASTIPANEL	1	6494	publish	COLUMPIO CON CAMASTRO DE PLASTIPANEL	1	6494	publish	COLUMPIO CON CAMASTRO DE PLASTIPANEL
COL-MA-01-00	all_three	1	28412	publish	COLUMPIO DE MADERA	1	28412	publish	COLUMPIO DE MADERA	1	28412	publish	COLUMPIO DE MADERA
COL-PT-02-00	all_three	1	7411	publish	COLUMPIO LUCENDI	1	7411	publish	COLUMPIO LUCENDI	1	7411	publish	COLUMPIO LUCENDI
CON-CR-01-00	all_three	1	22323	publish	CONJUNTO DE MEDIA LUNA	1	22323	publish	CONJUNTO DE MEDIA LUNA	1	22323	publish	CONJUNTO DE MEDIA LUNA
CON-CR-02-00	all_three	1	7794	publish	COLUMPIO MULTIJUEGO	1	7794	publish	COLUMPIO MULTIJUEGO	1	7794	publish	COLUMPIO MULTIJUEGO
CON-CR-04-00	all_three	1	6964	publish	CONJUNTO RESIDENCIAL, COLUMPIOS Y BAJADA COMPUESTO PLASTICO REFORZADO 2.40M	1	6964	publish	CONJUNTO RESIDENCIAL, COLUMPIOS Y BAJADA COMPUESTO PLASTICO REFORZADO 2.40M	1	6964	publish	CONJUNTO RESIDENCIAL, COLUMPIOS Y BAJADA COMPUESTO PLASTICO REFORZADO 2.40M
CPL-124	all_three	1	29373	publish	BANCA GRAPA	1	29373	publish	BANCA GRAPA	1	29373	publish	BANCA GRAPA
CPL-224	all_three	1	29377	publish	BANCA CUBO	1	29377	publish	BANCA CUBO	1	29377	publish	BANCA CUBO
CPL-324	all_three	1	29380	publish	BANCA LINGOTE	1	29380	publish	BANCA LINGOTE	1	29380	publish	BANCA LINGOTE
CPL-424	all_three	1	29383	publish	MESA DE AJEDREZ DE CONCRETO	1	29383	publish	MESA DE AJEDREZ DE CONCRETO	1	29383	publish	MESA DE AJEDREZ DE CONCRETO
DEP-00-06-00	all_three	1	6653	publish	TABLERO DE BÁSQUETBOL	1	6653	publish	TABLERO DE BÁSQUETBOL	1	6653	publish	TABLERO DE BÁSQUETBOL
DEP-00-07-00	all_three	1	8007	publish	PORTERIA CON TABLERO DE BÁSQUETBOL	1	8007	publish	PORTERIA CON TABLERO DE BÁSQUETBOL	1	8007	publish	PORTERIA CON TABLERO DE BÁSQUETBOL
DEP-00-09-00	all_three	1	6664	publish	PORTERIA FÚTBOL RAPIDO	1	6664	publish	PORTERIA FÚTBOL RAPIDO	1	6664	publish	PORTERIA FÚTBOL RAPIDO
DEP-00-10-00	all_three	1	6686	publish	PORTERIA DE FÚTBOL PROFESIONAL	1	6686	publish	PORTERIA DE FÚTBOL PROFESIONAL	1	6686	publish	PORTERIA DE FÚTBOL PROFESIONAL
DEP-00-11-00	all_three	1	6728	publish	RED Y 2 POSTES DE VOLEIBOL	1	6728	publish	RED Y 2 POSTES DE VOLEIBOL	1	6728	publish	RED Y 2 POSTES DE VOLEIBOL
DEP-00-12-00	all_three	1	6683	publish	CANCHA CIRCULAR DE FUTBOL RAPIDO	1	6683	publish	CANCHA CIRCULAR DE FUTBOL RAPIDO	1	6683	publish	CANCHA CIRCULAR DE FUTBOL RAPIDO
DEP-MO-01-00	all_three	1	22188	publish	2 BANCAS DE ARBITROS CON TECHUMBRE	1	22188	publish	2 BANCAS DE ARBITROS CON TECHUMBRE	1	22188	publish	2 BANCAS DE ARBITROS CON TECHUMBRE
DEP-MO-02-00	all_three	1	6647	publish	11 BANCAS DE JUGADORES CON TECHUMBRE	1	6647	publish	11 BANCAS DE JUGADORES CON TECHUMBRE	1	6647	publish	11 BANCAS DE JUGADORES CON TECHUMBRE
DEP-MO-03-00	all_three	1	6661	publish	GRADAS TECHADAS 5 ASIENTOS Y 4 DESCANSA PIES	1	6661	publish	GRADAS TECHADAS 5 ASIENTOS Y 4 DESCANSA PIES	1	6661	publish	GRADAS TECHADAS 5 ASIENTOS Y 4 DESCANSA PIES
DEP-MO-04-00	all_three	1	8009	publish	GRADAS 5 ASIENTOS Y 4 DESCANSA PIES	1	8009	publish	GRADAS 5 ASIENTOS Y 4 DESCANSA PIES	1	8009	publish	GRADAS 5 ASIENTOS Y 4 DESCANSA PIES
DEP-MO-05-00	all_three	1	6689	publish	MESA DE AJEDREZ	1	6689	publish	MESA DE AJEDREZ	1	6689	publish	MESA DE AJEDREZ
EDU-PL-01-00	all_three	1	32271	publish	PANEL CUENTA CONMIGO	1	32219	publish	PANEL CUENTA CONMIGO	1	32271	publish	PANEL CUENTA CONMIGO
EDU-PL-02-00	all_three	1	32272	publish	PANEL CUENTA FICHAS (1-5)	1	32220	publish	PANEL CUENTA FICHAS (1-5)	1	32272	publish	PANEL CUENTA FICHAS (1-5)
EDU-PL-03-00	all_three	1	32273	publish	PANEL CUENTA FICHA (6-10)	1	32221	publish	PANEL CUENTA FICHA (6-10)	1	32273	publish	PANEL CUENTA FICHA (6-10)
EDU-PL-04-00	all_three	1	32274	publish	PANEL CUENTA FICHA (0-5)	1	32222	publish	PANEL CUENTA FICHA (0-5)	1	32274	publish	PANEL CUENTA FICHA (0-5)
EDU-PL-05-00	all_three	1	32278	publish	MODULO OPERACIONES	1	32226	publish	Juego OPERACIONES	1	32278	publish	Juego OPERACIONES
EDU-PL-06-00	all_three	1	32275	publish	PANEL DELETREA	1	32223	publish	PANEL DELETREA	1	32275	publish	PANEL DELETREA
EDU-PL-07-00	all_three	1	32276	publish	PANEL CREA PALABRAS	1	32224	publish	PANEL CREA PALABRAS	1	32276	publish	PANEL CREA PALABRAS
EDU-PL-08-00	all_three	1	32277	publish	MODULO D_LETREA	1	32225	publish	Juego D_LETREA	1	32277	publish	Juego D_LETREA
EDU-PL-09-00	all_three	1	32279	publish	TOTEM CUADRADO	1	32227	publish	TOTEM CUADRADO	1	32279	publish	TOTEM CUADRADO
EDU-PL-10-00	all_three	1	32280	publish	TOTEM HEXAGONAL	1	32228	publish	TOTEM HEXAGONAL	1	32280	publish	TOTEM HEXAGONAL
EJE-BA-01-00	all_three	1	6047	private	Ejercitador Abdominales Balance	1	6047	private	Ejercitador Abdominales Balance	1	6047	private	Ejercitador Abdominales Balance
EJE-BA-06-00	all_three	1	6034	private	Ejercitador Potro Balance	1	6034	private	Ejercitador Potro Balance	1	6034	private	Ejercitador Potro Balance
EJE-BA-07-00	all_three	1	6041	private	Ejercitador Caminadora Balance	1	6041	private	Ejercitador Caminadora Balance	1	6041	private	Ejercitador Caminadora Balance
EJE-BA-08-00	all_three	1	5940	private	Ejercitador Eliptica Balance	1	5940	private	Ejercitador Eliptica Balance	1	5940	private	Ejercitador Eliptica Balance
EJE-BA-11-00	all_three	1	5996	private	Ejercitador De Pecho Balance	1	5996	private	Ejercitador De Pecho Balance	1	5996	private	Ejercitador De Pecho Balance
EJE-BA-12-00	all_three	1	6037	private	Ejercitador Remadora Balance	1	6037	private	Ejercitador Remadora Balance	1	6037	private	Ejercitador Remadora Balance
EJE-BA-15-00	all_three	1	6045	private	Ejercitador Bicicleta Balance	1	6045	private	Ejercitador Bicicleta Balance	1	6045	private	Ejercitador Bicicleta Balance
EJE-BA-21-00	all_three	1	28647	private	Ejercitador barras paralelas	1	28647	private	Ejercitador barras paralelas	1	28647	private	Ejercitador barras paralelas
EJE-EM-01-00	all_three	1	24883	publish	EJERCITADOR DE PIERNAS MEDIUM	1	24883	publish	EJERCITADOR DE PIERNAS MEDIUM	1	24883	publish	EJERCITADOR DE PIERNAS MEDIUM
EJE-EM-02-00	all_three	1	24885	publish	EJERCITADOR ABDOMINALES MEDIUM	1	24885	publish	EJERCITADOR ABDOMINALES MEDIUM	1	24885	publish	EJERCITADOR ABDOMINALES MEDIUM
EJE-EM-03-00	all_three	1	24887	publish	EJERCITADOR ELIPTICA MEDIUM	1	24887	publish	EJERCITADOR ELIPTICA MEDIUM	1	24887	publish	EJERCITADOR ELIPTICA MEDIUM
EJE-EM-04-00	all_three	1	24889	publish	EJERCITADOR CAMINADORA MEDIUM	1	24889	publish	EJERCITADOR CAMINADORA MEDIUM	1	24889	publish	EJERCITADOR CAMINADORA MEDIUM
EJE-EM-05-00	all_three	1	24891	publish	EJERCITADOR POTRO MEDIUM	1	24891	publish	EJERCITADOR POTRO MEDIUM	1	24891	publish	EJERCITADOR POTRO MEDIUM
EJE-EM-06-00	all_three	1	24893	publish	EJERCITADOR BARRAS PARALELAS MEDIUM	1	24893	publish	EJERCITADOR BARRAS PARALELAS MEDIUM	1	24893	publish	EJERCITADOR BARRAS PARALELAS MEDIUM
EJE-EM-07-00	all_three	1	24895	publish	EJERCITADOR BRAZOS Y MUÑECAS MEDIUM	1	24895	publish	EJERCITADOR BRAZOS Y MUÑECAS MEDIUM	1	24895	publish	EJERCITADOR BRAZOS Y MUÑECAS MEDIUM
EJE-EM-08-00	all_three	1	24897	publish	EJERCITADOR MOVIMIENTO DE CINTURA MEDIUM	1	24897	publish	EJERCITADOR MOVIMIENTO DE CINTURA MEDIUM	1	24897	publish	EJERCITADOR MOVIMIENTO DE CINTURA MEDIUM
EJE-EM-09-00	all_three	1	24899	publish	EJERCITADOR SURFER MEDIUM	1	24899	publish	EJERCITADOR SURFER MEDIUM	1	24899	publish	EJERCITADOR SURFER MEDIUM
EJE-EM-10-00	all_three	1	24901	publish	EJERCITADOR DE BRAZO MEDIUM	1	24901	publish	EJERCITADOR DE BRAZO MEDIUM	1	24901	publish	EJERCITADOR DE BRAZO MEDIUM
EJE-EST-02-00	all_three	1	6285	publish	Ejercitador Pasamanos Y 6 Postes	1	6285	publish	Ejercitador Pasamanos Y 6 Postes	1	6285	publish	Ejercitador Pasamanos Y 6 Postes
EJE-EST-05-00	all_three	1	32318	publish	EJERCITADOR AROS CORTO Y 2 POSTES	1	32203	publish	EJERCITADOR AROS CORTO Y 2 POSTES	1	32318	publish	EJERCITADOR AROS CORTO Y 2 POSTES
EJE-EST-07-00	all_three	1	32337	publish	EJERCITADOR BARRAS PARALELAS Y 2 POSTES	1	32231	publish	EJERCITADOR BARRAS PARALELAS Y 2 POSTES	1	32337	publish	EJERCITADOR BARRAS PARALELAS Y 2 POSTES
EJE-EST-09-00	all_three	1	32319	publish	EJERCITADOR BARRAS DOMINADAS Y DOS POSTES	1	32205	publish	EJERCITADOR BARRAS DOMINADAS Y DOS POSTES	1	32319	publish	EJERCITADOR BARRAS DOMINADAS Y DOS POSTES
EJE-EST-10-00	all_three	2	32320,32423	publish | publish	EJERCITADOR BARRAS DE ESTIRAMIENTO | EJERCITADOR BARRAS DE ESTIRAMIENTO	1	32204	publish	EJERCITADOR BARRAS DE ESTIRAMIENTO	2	32320,32423	publish | publish	EJERCITADOR BARRAS DE ESTIRAMIENTO | EJERCITADOR BARRAS DE ESTIRAMIENTO
EJE-FO-01-00	all_three	1	6203	publish	EJERCITADOR ABDOMINALES FORTE	1	6203	publish	EJERCITADOR ABDOMINALES FORTE	1	6203	publish	EJERCITADOR ABDOMINALES FORTE
EJE-FO-02-00	all_three	1	6201	publish	EJERCITADOR BARRAS PARALELAS FORTE	1	6201	publish	EJERCITADOR BARRAS PARALELAS FORTE	1	6201	publish	EJERCITADOR BARRAS PARALELAS FORTE
EJE-FO-03-00	all_three	1	6194	publish	EJERCITADOR MOVIMIENTO DE CINTURA FORTE	1	6194	publish	EJERCITADOR MOVIMIENTO DE CINTURA FORTE	1	6194	publish	EJERCITADOR MOVIMIENTO DE CINTURA FORTE
EJE-FO-04-00	all_three	1	6197	publish	EJERCITADOR BRAZOS Y MUÑECAS FORTE	1	6197	publish	EJERCITADOR BRAZOS Y MUÑECAS FORTE	1	6197	publish	EJERCITADOR BRAZOS Y MUÑECAS FORTE
EJE-FO-05-00	all_three	1	6181	publish	EJERCITADOR SURFER FORTE	1	6181	publish	EJERCITADOR SURFER FORTE	1	6181	publish	EJERCITADOR SURFER FORTE
EJE-FO-06-00	all_three	1	6199	publish	EJERCITADOR POTRO FORTE	1	6199	publish	EJERCITADOR POTRO FORTE	1	6199	publish	EJERCITADOR POTRO FORTE
EJE-FO-07-00	all_three	1	6192	publish	EJERCITADOR CAMINADORA FORTE	1	6192	publish	EJERCITADOR CAMINADORA FORTE	1	6192	publish	EJERCITADOR CAMINADORA FORTE
EJE-FO-08-00	all_three	1	6190	publish	EJERCITADOR ELIPTICA FORTE	1	6190	publish	EJERCITADOR ELIPTICA FORTE	1	6190	publish	EJERCITADOR ELIPTICA FORTE
EJE-FO-09-00	all_three	1	6185	publish	EJERCITADOR DE PIERNAS FORTE	1	6185	publish	EJERCITADOR DE PIERNAS FORTE	1	6185	publish	EJERCITADOR DE PIERNAS FORTE
EJE-FO-10-00	all_three	1	6156	publish	EJERCITADOR BRAZOS FORTE	1	6156	publish	EJERCITADOR BRAZOS FORTE	1	6156	publish	EJERCITADOR BRAZOS FORTE
EJE-FO-11-00	all_three	1	6187	publish	EJERCITADOR PECHO FORTE	1	6187	publish	EJERCITADOR PECHO FORTE	1	6187	publish	EJERCITADOR PECHO FORTE
EJE-ID-03-00	all_three	1	6220	publish	EJERCITADOR BARRAS PARALELAS CURVAS	1	6220	publish	EJERCITADOR BARRAS PARALELAS CURVAS	1	6220	publish	EJERCITADOR BARRAS PARALELAS CURVAS
EJE-ID-05-01	all_three	1	28674	publish	EJERCITADOR BANCO ABDOMINAL HORIZONTAL	1	28674	publish	EJERCITADOR BANCO ABDOMINAL HORIZONTAL	1	28674	publish	EJERCITADOR BANCO ABDOMINAL HORIZONTAL
EJE-ID-06-00	all_three	1	28676	publish	Ejercitador Banco Abdominal Inclinado	1	28676	publish	Ejercitador Banco Abdominal Inclinado	1	28676	publish	Ejercitador Banco Abdominal Inclinado
EJE-ID-07-00	all_three	1	6233	publish	EJERCITADOR BARRAS	1	6233	publish	EJERCITADOR BARRAS	1	6233	publish	EJERCITADOR BARRAS
EJE-ID-10-00	staging_only	0				1	6249	draft	Ejercitador Aros Corto Y 2 Postes (AID-118)	0			
EJE-ID-11-00	all_three	1	6254	publish	EJERCITADOR AROS LARGO Y 2 POSTES	1	6254	publish	EJERCITADOR AROS LARGO Y 2 POSTES	1	6254	publish	EJERCITADOR AROS LARGO Y 2 POSTES
EJE-ID-12-00	staging_only	0				1	6259	publish	Ejercitador Barras De Estiramiento Y 4 Postes (AID-1518)	0			
EJE-ID-22-00	staging_only	0				1	6310	publish	Ejercitador Barras Dominadas Y 2 Postes (AID-1218)	0			
EJE-ID-23-00	all_three	1	22130	publish	EJERCITADOR PARED SUECA Y 2 POSTES	1	22130	publish	EJERCITADOR PARED SUECA Y 2 POSTES	1	22130	publish	EJERCITADOR PARED SUECA Y 2 POSTES
EJE-ID-28-00	staging_only	0				1	6337	draft	Ejercitador Barras Paralelas Y 2 Postes (AID-1818)	0			
EJE-ID-30-00	all_three	1	6345	private	Ejercitador Barras Dominadas Y 3 Postes (AID-1918)	1	6345	private	Ejercitador Barras Dominadas Y 3 Postes (AID-1918)	1	6345	private	Ejercitador Barras Dominadas Y 3 Postes (AID-1918)
EJE-ID-32-00	all_three	1	6353	publish	EJERCITADOR JUMP BOX	1	6353	publish	EJERCITADOR JUMP BOX	1	6353	publish	EJERCITADOR JUMP BOX
EJE-ID-49-00	all_three	1	28651	publish	GIMNASIO GRANDE DE BARRAS AL AIRE LIBRE	1	28651	publish	GIMNASIO GRANDE DE BARRAS AL AIRE LIBRE	1	28651	publish	GIMNASIO GRANDE DE BARRAS AL AIRE LIBRE
EJE-ID-50-00	all_three	1	28654	publish	Gimnasio mediano de barras al aire libre	1	28654	publish	Gimnasio mediano de barras al aire libre	1	28654	publish	Gimnasio mediano de barras al aire libre
EJE-ID-52-00	all_three	1	28664	publish	PARED MILITAR	1	28664	publish	PARED MILITAR	1	28664	publish	PARED MILITAR
EJE-IN-01-00	all_three	1	32338	publish	EJERCITADOR DOMINADAS BARRAS DOBLE INCLUSIVO	1	32232	publish	EJERCITADOR DOMINADAS BARRAS DOBLE INCLUSIVO	1	32338	publish	EJERCITADOR DOMINADAS BARRAS DOBLE INCLUSIVO
EJE-IN-02-00	all_three	1	6536	publish	EJERCITADOR MUÑECAS DOBLE INCLUSIVO	1	6536	publish	EJERCITADOR MUÑECAS DOBLE INCLUSIVO	1	6536	publish	EJERCITADOR MUÑECAS DOBLE INCLUSIVO
EJE-IN-03-00	all_three	1	6543	publish	EJERCITADOR BRAZOS Y PIERNAS DOBLE INCLUSIVO	1	6543	publish	EJERCITADOR BRAZOS Y PIERNAS DOBLE INCLUSIVO	1	6543	publish	EJERCITADOR BRAZOS Y PIERNAS DOBLE INCLUSIVO
EJE-IN-04-00	all_three	1	6546	publish	EJERCITADOR COMBINADO DE BRAZOS Y MUÑECAS INCLUSIVO	1	6546	publish	EJERCITADOR COMBINADO DE BRAZOS Y MUÑECAS INCLUSIVO	1	6546	publish	EJERCITADOR COMBINADO DE BRAZOS Y MUÑECAS INCLUSIVO
EJE-IN-07-00	all_three	1	6557	publish	EJERCITADOR DOMINADAS EN BARRA FORTE INCLUSIVO	1	6557	publish	EJERCITADOR DOMINADAS EN BARRA FORTE INCLUSIVO	1	6557	publish	EJERCITADOR DOMINADAS EN BARRA FORTE INCLUSIVO
EJE-IN-08-00	all_three	1	6561	publish	EJERCITADOR BRAZOS Y MUÑECAS FORTE INCLUSIVO	1	6561	publish	EJERCITADOR BRAZOS Y MUÑECAS FORTE INCLUSIVO	1	6561	publish	EJERCITADOR BRAZOS Y MUÑECAS FORTE INCLUSIVO
EJE-IN-09-00	all_three	1	6564	publish	EJERCITADOR BRAZOS, MUÑECAS Y HOMBROS INCLUSIVO	1	6564	publish	EJERCITADOR BRAZOS, MUÑECAS Y HOMBROS INCLUSIVO	1	6564	publish	EJERCITADOR BRAZOS, MUÑECAS Y HOMBROS INCLUSIVO
EJE-PE-01-00	all_three	1	6465	publish	EJERCITADOR BARRA DE PESAS	1	6465	publish	EJERCITADOR BARRA DE PESAS	1	6465	publish	EJERCITADOR BARRA DE PESAS
EJE-PE-02-00	all_three	1	6470	publish	EJERCITADOR PECHO Y ESPALDA CON PESAS	1	6470	publish	EJERCITADOR PECHO Y ESPALDA CON PESAS	1	6470	publish	EJERCITADOR PECHO Y ESPALDA CON PESAS
EL-118-4C	all_three	1	7383	publish	INFINITO	1	7383	publish	INFINITO	1	7383	publish	INFINITO
EL-1519-4C	all_three	1	7405	publish	MILLER	1	7405	publish	MILLER	1	7405	publish	MILLER
EL-1619-4C	all_three	1	7407	publish	SIRIUS	1	7407	publish	SIRIUS	1	7407	publish	SIRIUS
EL-619-4C	all_three	1	7395	publish	TRAPIST	1	7395	publish	TRAPIST	1	7395	publish	TRAPIST
EOS-00-04-00	all_three	1	24851	publish	Módulo Iggy	1	24851	publish	Juego Iggy	1	24851	publish	Juego Iggy
EOS-00-05-00	all_three	1	24856	publish	Módulo Yety	1	24856	publish	Juego Yety	1	24856	publish	Juego Yety
EOS-CR-01-00	production_only	0				0				1	32728	publish	Juego BARCELONA (EOS-CR-01-00)
EOS-CR-02-00	all_three	1	6841	draft	Módulo Britania (EOS-FV-02-00)	1	6841	draft	Juego Britania (EOS-FV-02-00)	1	6841	draft	Juego Britania (EOS-FV-02-00)
EOS-FV-03-00	all_three	1	6843	draft	Módulo España (EOS-FV-03-00)	1	6843	draft	Juego España (EOS-FV-03-00)	1	6843	draft	Juego España (EOS-FV-03-00)
EOS-IN-01-00	all_three	1	7124	publish	MODULO MILWUAKEE INCLUSIVO	1	7124	publish	Juego MILWUAKEE INCLUSIVO	1	7124	publish	Juego MILWUAKEE INCLUSIVO
EOS-IN-02-00	all_three	1	7120	publish	MODULO URBANO INCLUSIVO	1	7120	publish	Juego URBANO INCLUSIVO	1	7120	publish	Juego URBANO INCLUSIVO
EOS-IN-03-00	all_three	1	22330	publish	MODULO CASTILLO INCLUSIVO	1	22330	publish	Juego CASTILLO INCLUSIVO	1	22330	publish	Juego CASTILLO INCLUSIVO
EOS-IN-04-00	all_three	1	7126	draft	Módulo Indiana Inclusivo (EOS-1210 7.0 DC)	1	7126	draft	Juego Indiana Inclusivo (EOS-1210 7.0 DC)	1	7126	draft	Juego Indiana Inclusivo (EOS-1210 7.0 DC)
EOS-IN-04-01	all_three	1	32321	publish	MODULO INDIANA INCLUSIVO	1	32200	publish	Juego INDIANA INCLUSIVO	1	32321	publish	Juego INDIANA INCLUSIVO
EOS-IN-05-00	all_three	1	7122	draft	Módulo Maine Inclusivo (EOS-1612 7.0 DC)	1	7122	draft	Juego Maine Inclusivo (EOS-1612 7.0 DC)	1	7122	draft	Juego Maine Inclusivo (EOS-1612 7.0 DC)
EOS-MA-01-00	all_three	1	25233	publish	MODULO MADERA A	1	25233	publish	Juego MADERA A	1	25233	publish	Juego MADERA A
EOS-MA-03-00	all_three	1	32121	publish	MODULO DE MADERA BASICO	1	32140	publish	Juego DE MADERA BASICO	1	32121	publish	Juego DE MADERA BASICO
EOS-PR-01-00	repository_staging_only	1	6082	draft	Módulo Verona (EOS-511 7.0)	1	6082	draft	Juego Verona (EOS-511 7.0)	0			
EOS-PR-01-02	production_only	0				0				1	6082	publish	Juego Verona (EOS-PR-01-02)
EOS-PR-06-00	all_three	1	6101	private	Modulo Gordon (EOS-PR-06-00)	1	6101	private	Juego Gordon (EOS-PR-06-00)	1	6101	private	Juego Gordon (EOS-PR-06-00)
EOS-PR-08-00	all_three	1	6665	draft	Módulo California (EOS-PR-08-00)	1	6665	draft	Juego California (EOS-PR-08-00)	1	6665	draft	Juego California (EOS-PR-08-00)
EOS-PR-10-00	all_three	1	6676	draft	Módulo Paris (EOS-611 10.0)	1	6676	draft	Juego Paris (EOS-611 10.0)	1	6676	publish	Juego Paris (EOS-PR-10-01)
EOS-PR-11-00	all_three	1	6707	draft	Módulo Randolph (EOS-1613 10.0)	1	6707	draft	Juego Randolph (EOS-1613 10.0)	1	6707	draft	Juego Randolph (EOS-1613 10.0)
EOS-PR-12-00	all_three	1	6713	private	Módulo Utah (EOS-515 7.0)	1	6713	private	Juego Utah (EOS-515 7.0)	1	6713	private	Juego Utah (EOS-515 7.0)
EOS-PR-13-00	all_three	1	6723	private	Módulo Minnesota (EOS-PR-13-00)	1	6723	private	Juego Minnesota (EOS-PR-13-00)	1	6723	private	Juego Minnesota (EOS-PR-13-00)
EOS-PR-15-00	repository_staging_only	1	6836	draft	Módulo Arkansas (EOS-PR-15-00)	1	6836	draft	Juego Arkansas (EOS-PR-15-00)	0			
EOS-PR-15-03	production_only	0				0				1	6836	publish	Juego Arkansas (EOS-PR-15-03)
EOS-PR-17-00	all_three	1	6733	private	Módulo Oregon (EOS-1010 7.0)	1	6733	private	Juego Oregon (EOS-1010 7.0)	1	6733	private	Juego Oregon (EOS-1010 7.0)
EOS-PR-19-00	all_three	1	6764	draft	Modulo Parma (EOS-PR-19-00)	1	6764	draft	Juego Parma (EOS-PR-19-00)	1	6764	draft	Juego Parma (EOS-PR-19-00)
EOS-PR-22-00	all_three	1	6791	private	Módulo Pensilvania (EOS-PR-22-00)	1	6791	private	Juego Pensilvania (EOS-PR-22-00)	1	6791	private	Juego Pensilvania (EOS-PR-22-00)
EOS-PR-23-00	all_three	1	6770	private	Módulo Pittsburgh (EOS-PR-23-00)	1	6770	private	Juego Pittsburgh (EOS-PR-23-00)	1	6770	private	Juego Pittsburgh (EOS-PR-23-00)
EOS-PR-28-00	all_three	1	6795	publish	MODULO BALTIMORE	1	6795	publish	Juego BALTIMORE	1	6795	publish	Juego BALTIMORE
EOS-PR-29-00	all_three	1	6793	publish	MODULO BALTIMORE BASIC	1	6793	publish	Juego BALTIMORE BASIC	1	6793	publish	Juego BALTIMORE BASIC
EOS-PR-32-00	all_three	1	6846	private	Módulo Misuri	1	6846	private	Juego Misuri	1	6846	private	Juego Misuri
EOS-PR-34-20	all_three	1	28342	publish	Ensueño	1	28342	publish	Ensueño	1	28342	publish	Ensueño
EVA-00-02-00	all_three	1	6897	publish	MODULO ARACNIDUS	1	6897	publish	Juego ARACNIDUS	1	6897	publish	Juego ARACNIDUS
EVA-PL-01-00	all_three	1	6910	publish	MODULO GENERATION	1	6910	publish	Juego GENERATION	1	6910	publish	Juego GENERATION
EVA-PR-01-20	all_three	1	7751	publish	MODULO ATRACTION	1	7751	publish	Juego ATRACTION	1	7751	publish	Juego ATRACTION
EVA-PR-02-00	production_only	0				0				1	32713	publish	Juego Atraction Basic
EVA-PR-03-00	all_three	1	6899	private	Modulo Capri (EVA-114-1)	1	6899	private	Juego Capri (EVA-114-1)	1	6899	private	Juego Capri (EVA-114-1)
FUMR-119-C	all_three	1	6602	publish	Cascada digital	1	6602	publish	Cascada digital	1	6602	publish	Cascada digital
FUMR-119E-C	all_three	1	6603	private	Cascada digital metro extra	1	6603	private	Cascada digital metro extra	1	6603	private	Cascada digital metro extra
FUMR-319	all_three	1	6577	publish	Fuente lineal 4 salidas, 4 jet, 2 m altura	1	6577	publish	Fuente lineal 4 salidas, 4 jet, 2 m altura	1	6577	publish	Fuente lineal 4 salidas, 4 jet, 2 m altura
FUMR-319-1	all_three	1	6578	publish	Fuente lineal 4 salidas, 4 jet 3 m altura	1	6578	publish	Fuente lineal 4 salidas, 4 jet 3 m altura	1	6578	publish	Fuente lineal 4 salidas, 4 jet 3 m altura
FUMR-319A	all_three	1	6579	publish	Fuente lineal 4 salidas, 2 jet y 2 aspersor 2 m altura	1	6579	publish	Fuente lineal 4 salidas, 2 jet y 2 aspersor 2 m altura	1	6579	publish	Fuente lineal 4 salidas, 2 jet y 2 aspersor 2 m altura
FUMR-319A-1	all_three	1	6582	publish	Fuente lineal 4 salidas, 2 jet y 2 aspersor 3 m altura	1	6582	publish	Fuente lineal 4 salidas, 2 jet y 2 aspersor 3 m altura	1	6582	publish	Fuente lineal 4 salidas, 2 jet y 2 aspersor 3 m altura
FUMR-419	all_three	1	6596	publish	Fuente redonda 5 salidas, 5 jet 2 m altura	1	6596	publish	Fuente redonda 5 salidas, 5 jet 2 m altura	1	6596	publish	Fuente redonda 5 salidas, 5 jet 2 m altura
FUMR-419-1	all_three	1	6597	publish	Fuente redonda 5 salidas, 5 jet 3 m altura	1	6597	publish	Fuente redonda 5 salidas, 5 jet 3 m altura	1	6597	publish	Fuente redonda 5 salidas, 5 jet 3 m altura
FUMR-519	all_three	1	6598	publish	Fuente redonda 7 salidas, 7 jet 2 m altura	1	6598	publish	Fuente redonda 7 salidas, 7 jet 2 m altura	1	6598	publish	Fuente redonda 7 salidas, 7 jet 2 m altura
FUMR-519-1	all_three	1	6599	publish	Fuente redonda 7 salidas, 7 jet 3 m altura	1	6599	publish	Fuente redonda 7 salidas, 7 jet 3 m altura	1	6599	publish	Fuente redonda 7 salidas, 7 jet 3 m altura
FUMR-619-1A	all_three	1	6601	publish	Fuente redonda 9 salidas, 8 jet y 1 aspersor 3 mts altura	1	6601	publish	Fuente redonda 9 salidas, 8 jet y 1 aspersor 3 mts altura	1	6601	publish	Fuente redonda 9 salidas, 8 jet y 1 aspersor 3 mts altura
FUMR-619A	all_three	1	6600	publish	Fuente redonda 9 salidas, 8 jet y 1 aspersor 2 mts altura	1	6600	publish	Fuente redonda 9 salidas, 8 jet y 1 aspersor 2 mts altura	1	6600	publish	Fuente redonda 9 salidas, 8 jet y 1 aspersor 2 mts altura
GIR-00-01-00	all_three	1	6972	publish	GIRATORIO ORBIT S	1	6972	publish	GIRATORIO ORBIT S	1	6972	publish	GIRATORIO ORBIT S
GIR-PL-03-00	all_three	1	32097	publish	GIRATORIO ODÍN	1	32116	publish	GIRATORIO ODÍN	1	32097	publish	GIRATORIO ODÍN
GIR-PL-04-00	all_three	1	32099	publish	GIRATORIO SAGA	1	32118	publish	GIRATORIO SAGA	1	32099	publish	GIRATORIO SAGA
INOX-214B	all_three	1	7278	private	Aparcabicicleta Two Circular	1	7278	private	Aparcabicicleta Two Circular	1	7278	private	Aparcabicicleta Two Circular
INOX-517B	all_three	1	6513	draft	Banca Loa Inox	1	6513	draft	Banca Loa Inox	1	6513	draft	Banca Loa Inox
INT-00-03-00	all_three	1	7828	publish	TUBO DIDACTICO GRANDE	1	7828	publish	TUBO DIDACTICO GRANDE	1	7828	publish	TUBO DIDACTICO GRANDE
INT-PL-02-00	all_three	1	7100	publish	PANEL INTERACTIVO MUÑECOS	1	7100	publish	PANEL INTERACTIVO MUÑECOS	1	7100	publish	PANEL INTERACTIVO MUÑECOS
INT-PL-03-00	all_three	1	7103	publish	PANEL INTERACTIVO LABERINTO	1	7103	publish	PANEL INTERACTIVO LABERINTO	1	7103	publish	PANEL INTERACTIVO LABERINTO
INT-PL-04-00	all_three	1	7091	publish	PANELES INTERACTIVOS	1	7091	publish	PANELES INTERACTIVOS	1	7091	publish	PANELES INTERACTIVOS
INT-PL-05-00	all_three	1	7824	publish	MURO SENSORIAL	1	7824	publish	MURO SENSORIAL	1	7824	publish	MURO SENSORIAL
INT-PL-06-00	all_three	1	7467	publish	LABERINTO SENSORIAL	1	7467	publish	LABERINTO SENSORIAL	1	7467	publish	LABERINTO SENSORIAL
IOS-PR-01-00	all_three	1	6088	draft	Módulo Ibiza (IOS-PR-01-00)	1	6088	draft	Juego Ibiza (IOS-PR-01-00)	1	6088	draft	Juego Ibiza (IOS-PR-01-00)
IOS-PR-02-00	all_three	1	6115	private	Módulo New Jersey (IOS-115 7.0)	1	6115	private	Juego New Jersey (IOS-115 7.0)	1	6115	private	Juego New Jersey (IOS-115 7.0)
IRE-00-01-00	all_three	1	6994	publish	MONTABLE BASICO	1	6994	publish	MONTABLE BASICO	1	6994	publish	MONTABLE BASICO
IRE-PL-01-00	all_three	1	6992	publish	MONTABLE ABEJA	1	6992	publish	MONTABLE ABEJA	1	6992	publish	MONTABLE ABEJA
IRE-PL-02-00	all_three	1	7003	publish	MONTABLE CAMION	1	7003	publish	MONTABLE CAMION	1	7003	publish	MONTABLE CAMION
IRE-PL-03-00	all_three	1	6997	publish	MONTABLE MOTO	1	6997	publish	MONTABLE MOTO	1	6997	publish	MONTABLE MOTO
IRE-PL-04-00	all_three	1	7819	publish	MONTABLE CABALLITO	1	7819	publish	MONTABLE CABALLITO	1	7819	publish	MONTABLE CABALLITO
IRE-PL-05-00	all_three	1	6985	publish	MONTABLE GLOBFLEX	1	6985	publish	MONTABLE GLOBFLEX	1	6985	publish	MONTABLE GLOBFLEX
IRE-PL-08-00	all_three	1	7000	publish	MONTABLE DELFIN	1	7000	publish	MONTABLE DELFIN	1	7000	publish	MONTABLE DELFIN
IRE-PL-10-00	all_three	1	28410	publish	MONTABLE DINO	1	28410	publish	MONTABLE DINO	1	28410	publish	MONTABLE DINO
IRE-PL-11-00	all_three	1	28409	publish	MONTABLE NESSY	1	28409	publish	MONTABLE NESSY	1	28409	publish	MONTABLE NESSY
JAI-219	all_three	1	32123	publish	CAÑON DE AGUA	1	32142	publish	CAÑON DE AGUA	1	32123	publish	CAÑON DE AGUA
JAI-319	all_three	1	32125	publish	CUBETAS DE VOLTEO	1	32144	publish	CUBETAS DE VOLTEO	1	32125	publish	CUBETAS DE VOLTEO
JAI-419	all_three	1	7167	publish	ARCO SPRAY	1	7167	publish	ARCO SPRAY	1	7167	publish	ARCO SPRAY
JAI-519	all_three	1	7169	publish	Bolardo Spray	1	7169	publish	Bolardo Spray	1	7169	publish	Bolardo Spray
JAI-619	all_three	1	7171	publish	SPRAY S	1	7171	publish	SPRAY S	1	7171	publish	SPRAY S
JAI-719	all_three	1	7303	publish	PULPO SPRAY	1	7303	publish	PULPO SPRAY	1	7303	publish	PULPO SPRAY
JAI-819	all_three	1	7173	publish	PALMERA LLUVIA	1	7173	publish	PALMERA LLUVIA	1	7173	publish	PALMERA LLUVIA
JAI-919	all_three	1	7177	publish	SOMBRILLA LLUVIA	1	7177	publish	SOMBRILLA LLUVIA	1	7177	publish	SOMBRILLA LLUVIA
JAM-119	all_three	1	7137	publish	AQUA JUM1	1	7137	publish	AQUA JUM1	1	7137	publish	AQUA JUM1
JAM-219	all_three	1	7145	publish	AQUA JUM2	1	7145	publish	AQUA JUM2	1	7145	publish	AQUA JUM2
JAM-319	all_three	1	7150	publish	AQUA JUM3	1	7150	publish	AQUA JUM3	1	7150	publish	AQUA JUM3
JAM-419	all_three	1	7153	publish	AQUA JUM4	1	7153	publish	AQUA JUM4	1	7153	publish	AQUA JUM4
JAM-519	all_three	1	7156	publish	AQUA JUM5	1	7156	publish	AQUA JUM5	1	7156	publish	AQUA JUM5
KOM-BLX410501-3717	all_three	1	30500	publish	Bloqx 5	1	30500	publish	Bloqx 5	1	30500	publish	Bloqx 5
KOM-COR175101-0403	all_three	1	30508	publish	Mariposa, physical	1	30508	publish	Mariposa, physical	1	30508	publish	Mariposa, physical
KOM-COR203301-1101	all_three	1	30487	publish	Twister inclusivo	1	30487	publish	Twister inclusivo	1	30487	publish	Twister inclusivo
KOM-CRP810201-0903	all_three	1	30513	publish	Mini cúpula con tobogan	1	30513	publish	Mini cúpula con tobogan	1	30513	publish	Mini cúpula con tobogan
KOM-CRP812001-0404	all_three	1	30506	publish	Domo sensorial	1	30506	publish	Domo sensorial	1	30506	publish	Domo sensorial
KOM-CRP812501-0404	all_three	1	30510	publish	Domo explorer	1	30510	publish	Domo explorer	1	30510	publish	Domo explorer
KOM-ELE400024-3717F	all_three	1	30490	publish	Spinner bowl	1	30490	publish	Spinner bowl	1	30490	publish	Spinner bowl
KOM-FAZ20100-0900	all_three	1	30545	publish	Combi 1 cross training	1	30545	publish	Combi 1 cross training	1	30545	publish	Combi 1 cross training
KOM-FAZ50100-0801	all_three	1	30564	publish	Bicicleta de ciudad	1	30564	publish	Bicicleta de ciudad	1	30564	publish	Bicicleta de ciudad
KOM-FAZ52100-0801	all_three	1	30554	publish	Bicicleta elíptica	1	30554	publish	Bicicleta elíptica	1	30554	publish	Bicicleta elíptica
KOM-FAZ60100-0001	all_three	1	30550	publish	Prensa de pecho	1	30550	publish	Prensa de pecho	1	30550	publish	Prensa de pecho
KOM-FAZ60200-0001	all_three	1	30556	publish	Jalón para espalda	1	30556	publish	Jalón para espalda	1	30556	publish	Jalón para espalda
KOM-FAZ60300-0001	all_three	1	30547	publish	Prensa de piernas	1	30547	publish	Prensa de piernas	1	30547	publish	Prensa de piernas
KOM-FAZ60400-0001	all_three	1	30558	publish	Prensa de hombros	1	30558	publish	Prensa de hombros	1	30558	publish	Prensa de hombros
KOM-FAZ60500-0001	all_three	1	30560	publish	Remo horizontal	1	30560	publish	Remo horizontal	1	30560	publish	Remo horizontal
KOM-FAZ60600-0001	all_three	1	30552	publish	Banco de abdominales	1	30552	publish	Banco de abdominales	1	30552	publish	Banco de abdominales
KOM-FAZ60700-0001	all_three	1	30562	publish	Hiperextensor lumbar	1	30562	publish	Hiperextensor lumbar	1	30562	publish	Hiperextensor lumbar
KOM-GXY916021-3417	all_three	1	30502	publish	Supernova	1	30502	publish	Supernova	1	30502	publish	Supernova
KOM-KPL400722-0902	all_three	1	30525	publish	Cuatro torres con tobogan de tubo	1	30525	publish	Cuatro torres con tobogan de tubo	1	30525	publish	Cuatro torres con tobogan de tubo
KOM-M98301-1009	all_three	1	30543	publish	Columpio nido 360	1	30543	publish	Columpio nido 360	1	30543	publish	Columpio nido 360
KOM-M98401-1011	all_three	1	30498	publish	Columpio péndulo	1	30498	publish	Columpio péndulo	1	30498	publish	Columpio péndulo
KOM-NRO2005-1001	all_three	1	30532	publish	Torre de los magos doble	1	30532	publish	Torre de los magos doble	1	30532	publish	Torre de los magos doble
KOM-NRO2008-1001	all_three	1	30517	publish	El castillo de la bruja	1	30517	publish	El castillo de la bruja	1	30517	publish	El castillo de la bruja
KOM-NRO542-1021	all_three	1	30534	publish	Barco explorador mediano	1	30534	publish	Barco explorador mediano	1	30534	publish	Barco explorador mediano
KOM-NRO836-1201	all_three	1	30519	publish	Cupula jungla	1	30519	publish	Cupula jungla	1	30519	publish	Cupula jungla
KOM-NRO854-1001	all_three	1	30536	publish	Parcour 9	1	30536	publish	Parcour 9	1	30536	publish	Parcour 9
KOM-NRO865-1001	all_three	1	30539	publish	Parcour 6	1	30539	publish	Parcour 6	1	30539	publish	Parcour 6
KOM-PCE305121-0603	all_three	1	30541	publish	Buscacaminos	1	30541	publish	Buscacaminos	1	30541	publish	Buscacaminos
KOM-PCM103031-0901	all_three	1	30527	publish	Torre de juego con rampa	1	30527	publish	Torre de juego con rampa	1	30527	publish	Torre de juego con rampa
KOM-PCM112821-0901	all_three	1	30521	publish	Castillo con torre de vigía	1	30521	publish	Castillo con torre de vigía	1	30521	publish	Castillo con torre de vigía
KOM-PCM113221-0901	all_three	1	30523	publish	Barco man-o-war	1	30523	publish	Barco man-o-war	1	30523	publish	Barco man-o-war
KOM-PCM153-0902	all_three	1	30494	publish	Carrusel 3 asientos	1	30494	publish	Carrusel 3 asientos	1	30494	publish	Carrusel 3 asientos
KOM-PCM157-0205	all_three	1	30492	publish	Carrusel inclusivo	1	30492	publish	Carrusel inclusivo	1	30492	publish	Carrusel inclusivo
KOM-PCM159-1001	all_three	1	30496	publish	Wehopper	1	30496	publish	Wehopper	1	30496	publish	Wehopper
KOM-PCM200432-0901	all_three	1	30504	publish	Mega deck doble con torre	1	30504	publish	Mega deck doble con torre	1	30504	publish	Mega deck doble con torre
KOM-PCM81121-0950	all_three	1	30529	publish	Duo climber	1	30529	publish	Duo climber	1	30529	publish	Duo climber
KOM-PCT310321-0901	all_three	1	30515	publish	Giant palacio l+xl & torre mediana	1	30515	publish	Giant palacio l+xl & torre mediana	1	30515	publish	Giant palacio l+xl & torre mediana
LBGA-50	all_three	1	7272	publish	Loseta Burbuja Azul Marino	1	7272	publish	Loseta Burbuja Azul Marino	1	7272	publish	Loseta Burbuja Azul Marino
LBGR-50	all_three	1	7269	publish	Loseta Burbuja Terracota	1	7269	publish	Loseta Burbuja Terracota	1	7269	publish	Loseta Burbuja Terracota
LBGV-50	all_three	1	7273	publish	Loseta Burbuja Verde	1	7273	publish	Loseta Burbuja Verde	1	7273	publish	Loseta Burbuja Verde
LEPDM-AMA	all_three	1	32127	publish	TOP-IT-TOPE DE CONTENSION	1	32146	publish	TOP-IT-TOPE DE CONTENSION	1	32127	publish	TOP-IT-TOPE DE CONTENSION
LEPDM-HEM	all_three	1	32133	publish	TARDO CABECERO HEMBRA	1	32152	publish	TARDO CABECERO HEMBRA	1	32133	publish	TARDO CABECERO HEMBRA
LEPDM-MAC	all_three	1	32131	publish	TARDO CABECERO MACHO	1	32150	publish	TARDO CABECERO MACHO	1	32131	publish	TARDO CABECERO MACHO
LET-PT-01-00	all_three	1	6709	publish	LETRA ACRILICO Y LUZ 1.20 M DE ALTO CON BASE	1	6709	publish	LETRA ACRILICO Y LUZ 1.20 M DE ALTO CON BASE	1	6709	publish	LETRA ACRILICO Y LUZ 1.20 M DE ALTO CON BASE
LET-PT-02-00	all_three	1	6710	publish	LETRA ACRILICO Y LUZ 1.50 M DE ALTO CON BASE	1	6710	publish	LETRA ACRILICO Y LUZ 1.50 M DE ALTO CON BASE	1	6710	publish	LETRA ACRILICO Y LUZ 1.50 M DE ALTO CON BASE
LET-PT-03-00	all_three	1	6704	publish	LETRA POLICARBONATO Y LUZ 2.00 M DE ALTO	1	6704	publish	LETRA POLICARBONATO Y LUZ 2.00 M DE ALTO	1	6704	publish	LETRA POLICARBONATO Y LUZ 2.00 M DE ALTO
LET-PT-04-00	all_three	1	6708	publish	LETRA POLICARBONATO Y LUZ 3.00 M DE ALTO	1	6708	publish	LETRA POLICARBONATO Y LUZ 3.00 M DE ALTO	1	6708	publish	LETRA POLICARBONATO Y LUZ 3.00 M DE ALTO
LETDM-AMA	all_three	1	32129	publish	TARDO MODULAR	1	32148	publish	TARDO MODULAR	1	32129	publish	TARDO MODULAR
LT-1.20	all_three	1	6701	publish	Letra de lamina 1.20 m de alto con base de 30 cm	1	6701	publish	Letra de lamina 1.20 m de alto con base de 30 cm	1	6701	publish	Letra de lamina 1.20 m de alto con base de 30 cm
LT-1.50	all_three	1	6703	publish	Letra de lamina 1.50 m de alto con base de 30 cm	1	6703	publish	Letra de lamina 1.50 m de alto con base de 30 cm	1	6703	publish	Letra de lamina 1.50 m de alto con base de 30 cm
MDA-PL-01-00	all_three	1	30731	publish	Módulo Freya	1	30731	publish	Juego Freya	1	30731	publish	Juego Freya
MDA-PL-02-00	all_three	1	30734	publish	Módulo Magni	1	30734	publish	Juego Magni	1	30734	publish	Juego Magni
MEC-CR-01-00	all_three	1	6797	publish	MODULO BOSTON	1	6797	publish	Juego BOSTON	1	6797	publish	Juego BOSTON
MEC-CR-02-00	all_three	1	32304	publish	MODULO ESPAÑA	1	32196	publish	Juego ESPAÑA	1	32304	publish	Juego ESPAÑA
MEC-CR-03-00	all_three	1	21148	publish	MODULO CHARLOTTE	1	21148	publish	Juego CHARLOTTE	1	21148	publish	Juego CHARLOTTE
MEC-CR-04-00	all_three	1	6839	publish	MODULO BARCELONA	1	6839	publish	Juego BARCELONA	1	6839	publish	Juego BARCELONA
MEC-CR-05-00	all_three	1	6113	publish	MODULO SIENA	1	6113	publish	Juego SIENA	1	6113	publish	Juego SIENA
MEC-CR-06-00	all_three	1	32297	publish	VERONA	1	32188	publish	VERONA	1	32297	publish	VERONA
MEC-CR-07-00	all_three	1	32328	publish	MODULO IMPERIO	1	32198	publish	Juego IMPERIO	1	32328	publish	Juego IMPERIO
MEC-CR-08-00	all_three	1	32322	publish	MODULO MAINE INCLUSIVO	1	32199	publish	Juego MAINE INCLUSIVO	1	32322	publish	Juego MAINE INCLUSIVO
MEL-CR-01-00	all_three	1	24818	publish	Módulo Córdoba	1	24818	publish	Juego Córdoba	1	24818	publish	Juego Córdoba
MEL-CR-02-00	all_three	1	24820	publish	MODULO VIZCAYA	1	24820	publish	Juego VIZCAYA	1	24820	publish	Juego VIZCAYA
MEL-CR-03-00	all_three	1	24822	publish	MODULO VALLADOLID	1	24822	publish	Juego VALLADOLID	1	24822	publish	Juego VALLADOLID
MER-PR-01-00	all_three	1	32326	publish	MODULO ARKANSAS	1	32192	publish	Juego ARKANSAS	1	32326	publish	Juego ARKANSAS
MER-PR-02-00	all_three	1	6705	publish	MODULO MASSACHUSETTS	1	6705	publish	Juego MASSACHUSETTS	1	6705	publish	Juego MASSACHUSETTS
MER-PR-03-00	all_three	1	32323	publish	MODULO CALIFORNIA	1	32190	publish	Juego CALIFORNIA	1	32323	publish	Juego CALIFORNIA
MER-PR-04-00	all_three	1	32324	publish	MODULO PARIS	1	32191	publish	Juego PARIS	1	32324	publish	Juego PARIS
MER-PR-05-00	all_three	1	32303	publish	MODULO BRITANIA	1	32195	publish	Juego BRITANIA	1	32303	publish	Juego BRITANIA
MER-PR-06-00	all_three	1	6785	publish	MODULO RUSSEL	1	6785	publish	Juego RUSSEL	1	6785	publish	Juego RUSSEL
MER-PR-07-00	all_three	1	6783	publish	MODULO WINSTON	1	6783	publish	Juego WINSTON	1	6783	publish	Juego WINSTON
MER-PR-08-00	all_three	1	32325	publish	MODULO RANDOLPH	1	32193	publish	Juego RANDOLPH	1	32325	publish	Juego RANDOLPH
MES-IN-01-00	all_three	1	6441	publish	MESA DE PICNIC INCLUSIVA	1	6441	publish	MESA DE PICNIC INCLUSIVA	1	6441	publish	MESA DE PICNIC INCLUSIVA
MES-LP-01-01	all_three	1	7491	publish	MESA MERCATO DOPPIO	1	7491	publish	MESA MERCATO DOPPIO	1	7491	publish	MESA MERCATO DOPPIO
MES-LP-02-00	all_three	1	6435	publish	MESA KENYA	1	6435	publish	MESA KENYA	1	6435	publish	MESA KENYA
MES-LP-02-01	all_three	1	6436	publish	MESA KENYA CON SOMBRILLA	1	6436	publish	MESA KENYA CON SOMBRILLA	1	6436	publish	MESA KENYA CON SOMBRILLA
MES-LP-03-00	all_three	1	6433	publish	MESA NUPTSE	1	6433	publish	MESA NUPTSE	1	6433	publish	MESA NUPTSE
MES-LP-04-00	all_three	1	22393	publish	4 MESAS PICNIC CON PERGOLA	1	22393	publish	4 MESAS PICNIC CON PERGOLA	1	22393	publish	4 MESAS PICNIC CON PERGOLA
MES-LP-04-01	all_three	1	32107	publish	MESA MOEBIUS CON COLUMPIOS EN PLASTIMADERA	1	32126	publish	MESA MOEBIUS CON COLUMPIOS EN PLASTIMADERA	1	32107	publish	MESA MOEBIUS CON COLUMPIOS EN PLASTIMADERA
MES-LP-05-00	all_three	1	6370	publish	MESA RODAS CON TECHO CIRCULAR	1	6370	publish	MESA RODAS CON TECHO CIRCULAR	1	6370	publish	MESA RODAS CON TECHO CIRCULAR
MES-LP-06-00	all_three	1	6443	publish	MESA PICNIC JAYA	1	6443	publish	MESA PICNIC JAYA	1	6443	publish	MESA PICNIC JAYA
MES-LP-07-00	all_three	1	32105	publish	MESA PICNIC TRIX	1	32124	publish	MESA PICNIC TRIX	1	32105	publish	MESA PICNIC TRIX
MES-MA-01-00	all_three	1	32101	publish	MESA CIRCULAR PARA ARBOL	1	32120	publish	MESA CIRCULAR PARA ARBOL	1	32101	publish	MESA CIRCULAR PARA ARBOL
MES-PM-01-00	all_three	1	6431	publish	MESA DE PICNIC PLASTIMADERA	1	6431	publish	MESA DE PICNIC PLASTIMADERA	1	6431	publish	MESA DE PICNIC PLASTIMADERA
MES-PM-02-00	all_three	1	6438	publish	MESA KENYA PLASTIMADERA	1	6438	publish	MESA KENYA PLASTIMADERA	1	6438	publish	MESA KENYA PLASTIMADERA
MES-PM-03-00	all_three	1	32103	publish	MESAPICNIC CHESTER	1	32122	publish	MESAPICNIC CHESTER	1	32103	publish	MESAPICNIC CHESTER
MES-PP-01-00	all_three	1	22417	publish	MESA CUBI	1	22417	publish	MESA CUBI	1	22417	publish	MESA CUBI
MES-PP-02-00	all_three	1	22415	publish	MESA PICNIC 3/3	1	22415	publish	MESA PICNIC 3/3	1	22415	publish	MESA PICNIC 3/3
MES-PP-03-00	all_three	1	6429	publish	MESA DE PICNIC	1	6429	publish	MESA DE PICNIC	1	6429	publish	MESA DE PICNIC
MES-PT-02-00	all_three	1	7044	draft	Mesa Iluminada para Arena (PTJ-MIS-320)	1	7044	draft	Mesa Iluminada para Arena (PTJ-MIS-320)	1	7044	draft	Mesa Iluminada para Arena (PTJ-MIS-320)
MES-PV-01-00	all_three	1	8345	publish	MESA DE PICNIC PVC	1	8345	publish	MESA DE PICNIC PVC	1	8345	publish	MESA DE PICNIC PVC
MEV-CR-01-00	all_three	1	32305	publish	MODULO IBIZA	1	32189	publish	Juego IBIZA	1	32305	publish	Juego IBIZA
MEV-CR-02-00	all_three	1	32327	publish	MODULO PARMA	1	32194	publish	Juego PARMA	1	32327	publish	Juego PARMA
MEV-CR-03-00	all_three	1	6738	publish	MODULO GRADY	1	6738	publish	Juego GRADY	1	6738	publish	Juego GRADY
MMA-117	all_three	1	6506	publish	Maceta Asimetrica Chica	1	6506	publish	Maceta Asimetrica Chica	1	6506	publish	Maceta Asimetrica Chica
MMA-118	all_three	1	6509	publish	Maceta Geométrica Megagrande	1	6509	publish	Maceta Geométrica Megagrande	1	6509	publish	Maceta Geométrica Megagrande
MMA-217	all_three	1	6507	publish	Maceta Geometrica Grande	1	6507	publish	Maceta Geometrica Grande	1	6507	publish	Maceta Geometrica Grande
MMB-120	all_three	1	22332	publish	MODULO BARCO WOOD	1	22332	publish	Juego BARCO WOOD	1	22332	publish	Juego BARCO WOOD
MMR-122	all_three	1	22335	publish	MODULO RETOS BAJOS	1	22335	publish	Juego RETOS BAJOS	1	22335	publish	Juego RETOS BAJOS
MMW-122	all_three	1	22334	publish	MODULO WOOD	1	22334	publish	Juego WOOD	1	22334	publish	Juego WOOD
MOB-CV-12	all_three	1	32113	publish	LUMINARIA NAVAL 2.20	1	32132	publish	LUMINARIA NAVAL 2.20	1	32113	publish	LUMINARIA NAVAL 2.20
MUA-217 A-P	all_three	1	7262	draft	Banca fuji A.	1	7262	draft	Banca fuji A.	1	7262	draft	Banca fuji A.
MUA-217 B-P	all_three	1	7265	draft	Banca fuji B.	1	7265	draft	Banca fuji B.	1	7265	draft	Banca fuji B.
MUM-118-1-1	all_three	1	6820	private	Mesa de Picnic	1	6820	private	Mesa de Picnic	1	6820	private	Mesa de Picnic
MUS-CV-02-00	all_three	1	31946	publish	Juego Musical PE-D01-A	1	31946	publish	Juego Musical PE-D01-A	1	31946	publish	Juego Musical PE-D01-A
MUS-CV-03-00	all_three	1	31943	publish	Juego Musical B01	1	31943	publish	Juego Musical B01	1	31943	publish	Juego Musical B01
OKOK-H01	all_three	1	32264	publish	EJERCITADO REMADORA OK	1	32208	publish	EJERCITADO REMADORA OK	1	32264	publish	EJERCITADO REMADORA OK
OKOK-N01	all_three	1	32089	publish	EJERCITADOR CINTURA Y ESCALERAS OK	1	32217	publish	EJERCITADOR CINTURA Y ESCALERAS OK	1	32089	publish	EJERCITADOR CINTURA Y ESCALERAS OK
OKOK-Z08A	all_three	1	32266	publish	EJERCITADOR BICICLETA OK	1	32210	publish	EJERCITADOR BICICLETA OK	1	32266	publish	EJERCITADOR BICICLETA OK
OKST-C01X	all_three	1	32209	publish	EJERCITADOR SURFER OK DOBLE	1	32213	publish	EJERCITADOR SURFER OK DOBLE	1	32209	publish	EJERCITADOR SURFER OK DOBLE
OKST-C01X-VI	repository_production_only	1	32225	publish	SURFEANDO	0				1	32225	publish	SURFEANDO
OKST-F01X	all_three	1	32267	publish	EJERCITADOR ABDOMINALES OK DOBLE	1	32211	publish	EJERCITADOR ABDOMINALES OK DOBLE	1	32267	publish	EJERCITADOR ABDOMINALES OK DOBLE
OKST-J02X	all_three	1	32204	publish	EJERCITADOR POTRO	1	32206	publish	EJERCITADOR POTRO	1	32204	publish	EJERCITADOR POTRO
OKST-M04X	all_three	1	32263	publish	EJERCITADOR CAMINADORA OK	1	32207	publish	EJERCITADOR CAMINADORA OK	1	32263	publish	EJERCITADOR CAMINADORA OK
OKST-M04X-VI	repository_production_only	1	32224	publish	CAMINADORA	0				1	32224	publish	CAMINADORA
OKST-S03X	all_three	1	32270	publish	EJERCITADOR BARRAS PARALELAS OK DOBLE	1	32218	publish	EJERCITADOR BARRAS PARALELAS OK DOBLE	1	32270	publish	EJERCITADOR BARRAS PARALELAS OK DOBLE
OKST-S03X-VI	repository_production_only	1	32216	publish	BARRAS PARALELAS	0				1	32216	publish	BARRAS PARALELAS
OKST-T01X	repository_production_only	1	32090	publish	Taiji Pushing	0				1	32090	publish	Taiji Pushing
OKST-T08X	all_three	1	32265	publish	EJERCITADOR ELIPTICA OK	1	32209	publish	EJERCITADOR ELIPTICA OK	1	32265	publish	EJERCITADOR ELIPTICA OK
OKST-Z01X	all_three	1	32269	publish	EJERCITADOR DE PIERNAS OK DOBLE	1	32214	publish	EJERCITADOR DE PIERNAS OK DOBLE	1	32269	publish	EJERCITADOR DE PIERNAS OK DOBLE
OKST-Z03X	all_three	1	32212	publish	EJERCITADOR DE PECHO OK DOBLE	1	32216	publish	EJERCITADOR DE PECHO OK DOBLE	1	32212	publish	EJERCITADOR DE PECHO OK DOBLE
OKST-Z03X-VI	repository_production_only	1	32226	publish	EJERCITADOR DE PECHO	0				1	32226	publish	EJERCITADOR DE PECHO
OKST-Z04X	all_three	1	32210	publish	EJERCITADOR BRAZOS OK DOBLE	1	32215	publish	EJERCITADOR BRAZOS OK DOBLE	1	32210	publish	EJERCITADOR BRAZOS OK DOBLE
OKST-Z05X	all_three	1	32268	publish	EJERCITADOR MOVIMIENTO DE CINTURA TRIPLE	1	32212	publish	EJERCITADOR MOVIMIENTO DE CINTURA TRIPLE	1	32268	publish	EJERCITADOR MOVIMIENTO DE CINTURA TRIPLE
PAS-00-01-00	all_three	1	7081	publish	PASAMANOS IDA Y VUELTA	1	7081	publish	PASAMANOS IDA Y VUELTA	1	7081	publish	PASAMANOS IDA Y VUELTA
PAS-00-02-00	all_three	1	7086	publish	PASAMANOS ONDULADO 2 x 3 MTS.	1	7086	publish	PASAMANOS ONDULADO 2 x 3 MTS.	1	7086	publish	PASAMANOS ONDULADO 2 x 3 MTS.
PAS-00-03-00	all_three	1	7089	publish	PASAMANOS RECTO 2 X 3 MTS.	1	7089	publish	PASAMANOS RECTO 2 X 3 MTS.	1	7089	publish	PASAMANOS RECTO 2 X 3 MTS.
PAS-PL-01-00	all_three	1	28399	publish	Pasapies	1	28399	publish	Pasapies	1	28399	publish	Pasapies
PASART-25	all_three	1	7224	publish	Pasto Artificial 25mm de altura	1	7224	publish	Pasto Artificial 25mm de altura	1	7224	publish	Pasto Artificial 25mm de altura
PASART-45	all_three	1	7228	publish	Pasto Artificial 45mm de altura	1	7228	publish	Pasto Artificial 45mm de altura	1	7228	publish	Pasto Artificial 45mm de altura
PASART-45-AM	all_three	1	7232	publish	Pasto Artificial 45 mm de altura 850grs Color Amarillo	1	7232	publish	Pasto Artificial 45 mm de altura 850grs Color Amarillo	1	7232	publish	Pasto Artificial 45 mm de altura 850grs Color Amarillo
PASART-45-AZ	all_three	1	7235	publish	Pasto Artificial 45 mm de altura 850grs Color Azul	1	7235	publish	Pasto Artificial 45 mm de altura 850grs Color Azul	1	7235	publish	Pasto Artificial 45 mm de altura 850grs Color Azul
PASART-45-BL	all_three	1	7230	publish	Pasto Artificial 45mm de altura 850grs Color Blanco	1	7230	publish	Pasto Artificial 45mm de altura 850grs Color Blanco	1	7230	publish	Pasto Artificial 45mm de altura 850grs Color Blanco
PASART-45-RO	all_three	1	7233	publish	Pasto Artificial 45 mm de altura 850grs Color Rojo	1	7233	publish	Pasto Artificial 45 mm de altura 850grs Color Rojo	1	7233	publish	Pasto Artificial 45 mm de altura 850grs Color Rojo
PGCA-50	all_three	1	7263	publish	Piso de Loseta de Caucho Cafe	1	7263	publish	Piso de Loseta de Caucho Cafe	1	7263	publish	Piso de Loseta de Caucho Cafe
PGG-50	all_three	1	7261	publish	Piso de Loseta de Caucho Gris	1	7261	publish	Piso de Loseta de Caucho Gris	1	7261	publish	Piso de Loseta de Caucho Gris
PGK-50	all_three	1	7260	publish	Piso de Loseta de Caucho Kaki	1	7260	publish	Piso de Loseta de Caucho Kaki	1	7260	publish	Piso de Loseta de Caucho Kaki
PGN-50	all_three	1	7266	publish	Piso de Loseta de Caucho Negro	1	7266	publish	Piso de Loseta de Caucho Negro	1	7266	publish	Piso de Loseta de Caucho Negro
PGN-60	all_three	1	7255	publish	Piso de Loseta de Caucho Negro Chispa	1	7255	publish	Piso de Loseta de Caucho Negro Chispa	1	7255	publish	Piso de Loseta de Caucho Negro Chispa
PGR-50	all_three	1	7254	publish	Piso de Loseta de Caucho Rojo Chispa	1	7254	publish	Piso de Loseta de Caucho Rojo Chispa	1	7254	publish	Piso de Loseta de Caucho Rojo Chispa
PIL-CV-01-00	all_three	1	32115	publish	LUMINARIA VELA 2.20	1	32134	publish	LUMINARIA VELA 2.20	1	32115	publish	LUMINARIA VELA 2.20
PIL-CV-02-00	all_three	1	32117	publish	LUMINARIA VELA 2.60	1	32136	publish	LUMINARIA VELA 2.60	1	32117	publish	LUMINARIA VELA 2.60
PIL-PT-01-00	all_three	1	7834	draft	Bubble Pillar (PTJ-620 C)	1	7834	draft	Bubble Pillar (PTJ-620 C)	1	7834	draft	Bubble Pillar (PTJ-620 C)
PIL-PT-02-00	all_three	1	7425	publish	LIGHT PILLAR	1	7425	publish	LIGHT PILLAR	1	7425	publish	LIGHT PILLAR
PIL-PT-03-00	all_three	1	6610	publish	LUMIN ALBA 2.5M ALTURA	1	6610	publish	LUMIN ALBA 2.5M ALTURA	1	6610	publish	LUMIN ALBA 2.5M ALTURA
PIL-PT-04-00	all_three	1	6604	publish	LUMIN FULGOR 2M ALTURA	1	6604	publish	LUMIN FULGOR 2M ALTURA	1	6604	publish	LUMIN FULGOR 2M ALTURA
PPG1-1	all_three	1	7275	private	JUMBO RUBBER PG1 A 1 CM	1	7275	private	JUMBO RUBBER PG1 A 1 CM	1	7275	private	JUMBO RUBBER PG1 A 1 CM
PPG1-2	all_three	1	7277	private	JUMBO RUBBER PG1 A 2 CM	1	7277	private	JUMBO RUBBER PG1 A 2 CM	1	7277	private	JUMBO RUBBER PG1 A 2 CM
PPG1-3	all_three	1	7416	publish	JUMBO RUBBER SPORT PG1 A 3 MM	1	7416	publish	JUMBO RUBBER SPORT PG1 A 3 MM	1	7416	publish	JUMBO RUBBER SPORT PG1 A 3 MM
PPG1-4	all_three	1	7279	private	JUMBO RUBBER PG1 A 3 CM	1	7279	private	JUMBO RUBBER PG1 A 3 CM	1	7279	private	JUMBO RUBBER PG1 A 3 CM
PPG1-4-1	all_three	1	7281	private	JUMBO RUBBER PG1 A 4 CM	1	7281	private	JUMBO RUBBER PG1 A 4 CM	1	7281	private	JUMBO RUBBER PG1 A 4 CM
PPM-AMA	all_three	1	22739	publish	Piso Plástico Modular Amarillo	1	22739	publish	Piso Plástico Modular Amarillo	1	22739	publish	Piso Plástico Modular Amarillo
PPM-AZC	all_three	1	22735	publish	Piso Plástico Modular Azul Cobalto	1	22735	publish	Piso Plástico Modular Azul Cobalto	1	22735	publish	Piso Plástico Modular Azul Cobalto
PPM-BEI	all_three	1	22731	publish	Piso Plástico Modular Beige	1	22731	publish	Piso Plástico Modular Beige	1	22731	publish	Piso Plástico Modular Beige
PPM-GRI	all_three	1	22729	publish	Piso Plástico Modular Gris	1	22729	publish	Piso Plástico Modular Gris	1	22729	publish	Piso Plástico Modular Gris
PPM-NEG	all_three	1	22733	publish	Piso Plástico Modular Negro	1	22733	publish	Piso Plástico Modular Negro	1	22733	publish	Piso Plástico Modular Negro
PPM-ROJ	all_three	1	22737	publish	Piso Plástico Modular Rojo	1	22737	publish	Piso Plástico Modular Rojo	1	22737	publish	Piso Plástico Modular Rojo
PPM-TER	all_three	1	22725	publish	Piso Plástico Modular Terracota	1	22725	publish	Piso Plástico Modular Terracota	1	22725	publish	Piso Plástico Modular Terracota
PPM-VEL	all_three	1	22727	publish	Piso Plástico Modular Verde Limón	1	22727	publish	Piso Plástico Modular Verde Limón	1	22727	publish	Piso Plástico Modular Verde Limón
PPM-VET	all_three	1	22712	publish	Piso Plástico Modular Verde Trébol	1	22712	publish	Piso Plástico Modular Verde Trébol	1	22712	publish	Piso Plástico Modular Verde Trébol
PPR1-2-1	all_three	1	7307	private	Jumbo Rubber Sport Tipo Tartan A 13 mm	1	7307	private	Jumbo Rubber Sport Tipo Tartan A 13 mm	1	7307	private	Jumbo Rubber Sport Tipo Tartan A 13 mm
PPTT-13	all_three	1	7286	publish	JUMBO RUBBER SPORT TIPO TARTAN A 13 MM	1	7286	publish	JUMBO RUBBER SPORT TIPO TARTAN A 13 MM	1	7286	publish	JUMBO RUBBER SPORT TIPO TARTAN A 13 MM
PTJ-MGB-220	all_three	1	7243	publish	Dexia Bote con iluminacion	1	7243	publish	Dexia Bote con iluminacion	1	7243	publish	Dexia Bote con iluminacion
RAI-CP1-2D	all_three	1	22897	draft	Castle 1 - Rainbow	1	22897	draft	Castle 1 - Rainbow	1	22897	draft	Castle 1 - Rainbow
RAI-CP2-2B	all_three	1	23738	draft	Fiesta Castle 2 - Rainbow	1	23738	draft	Fiesta Castle 2 - Rainbow	1	23738	draft	Fiesta Castle 2 - Rainbow
REH-00-02-00	all_three	1	6580	publish	RAMPA PARA REHABILITACION	1	6580	publish	RAMPA PARA REHABILITACION	1	6580	publish	RAMPA PARA REHABILITACION
REH-00-03-00	all_three	1	6583	publish	ESCALERA PARA REHABILITACION	1	6583	publish	ESCALERA PARA REHABILITACION	1	6583	publish	ESCALERA PARA REHABILITACION
REH-00-07-00	all_three	1	6589	publish	CONJUNTO DE REHABILITACIÓN B	1	6589	publish	CONJUNTO DE REHABILITACIÓN B	1	6589	publish	CONJUNTO DE REHABILITACIÓN B
REH-00-08-00	all_three	1	6585	publish	CONJUNTO DE REHABILITACIÓN A	1	6585	publish	CONJUNTO DE REHABILITACIÓN A	1	6585	publish	CONJUNTO DE REHABILITACIÓN A
RES-00-01-00	all_three	1	7012	publish	RESBALADILLA LAM DE 2.40MT	1	7012	publish	RESBALADILLA LAM DE 2.40MT	1	7012	publish	RESBALADILLA LAM DE 2.40MT
RES-00-02-00	all_three	1	7014	publish	RESBALADILLA LAMINA DE 3MT	1	7014	publish	RESBALADILLA LAMINA DE 3MT	1	7014	publish	RESBALADILLA LAMINA DE 3MT
RES-PL-04-00	all_three	1	7009	publish	RESBALADILLA RACER	1	7009	publish	RESBALADILLA RACER	1	7009	publish	RESBALADILLA RACER
RES-PP-01-00	all_three	1	7017	publish	RESBALADILLA OLAS DE PLASTICO	1	7017	publish	RESBALADILLA OLAS DE PLASTICO	1	7017	publish	RESBALADILLA OLAS DE PLASTICO
RES-PP-01-01	all_three	1	7466	publish	RESBALADILLA TRIPLE OLAS DE PLASTICO	1	7466	publish	RESBALADILLA TRIPLE OLAS DE PLASTICO	1	7466	publish	RESBALADILLA TRIPLE OLAS DE PLASTICO
SEÑ-00-03-00	all_three	1	6486	publish	SEÑALETICA BASTON	1	6486	publish	SEÑALETICA BASTON	1	6486	publish	SEÑALETICA BASTON
SEÑ-00-04-00	all_three	1	6484	publish	SEÑALETICA CUBICA	1	6484	publish	SEÑALETICA CUBICA	1	6484	publish	SEÑALETICA CUBICA
SEÑ-00-05-00	all_three	1	6488	publish	Señalética Bandera (ESI-312)	1	6488	publish	Señalética Bandera (ESI-312)	1	6488	publish	Señalética Bandera (ESI-312)
SEÑ-00-06-00	all_three	1	6490	publish	SEÑALETICA VERTICAL	1	6490	publish	SEÑALETICA VERTICAL	1	6490	publish	SEÑALETICA VERTICAL
SEÑ-00-10-00	all_three	1	7496	publish	SEÑALETICA DIRECCIÓN	1	7496	publish	SEÑALETICA DIRECCIÓN	1	7496	publish	SEÑALETICA DIRECCIÓN
SEÑ-00-13-00	all_three	1	6482	publish	SEÑALETICA ARBOL	1	6482	publish	SEÑALETICA ARBOL	1	6482	publish	SEÑALETICA ARBOL
SEÑ-00-14-00	all_three	1	22396	publish	MESA MAPA	1	22396	publish	MESA MAPA	1	22396	publish	MESA MAPA
SEÑ-00-15-00	all_three	1	22403	publish	SEÑALETICA TOTEM	1	22403	publish	SEÑALETICA TOTEM	1	22403	publish	SEÑALETICA TOTEM
SEÑ-PL-01-00	all_three	1	22405	publish	SEÑALETICA PLASTIPANEL 50 X 25 CM	1	22405	publish	SEÑALETICA PLASTIPANEL 50 X 25 CM	1	22405	publish	SEÑALETICA PLASTIPANEL 50 X 25 CM
SEÑ-PT-02-00	all_three	1	22401	publish	TOTEM CON LUZ	1	22401	publish	TOTEM CON LUZ	1	22401	publish	TOTEM CON LUZ
SUB-00-01-00	all_three	1	7047	publish	SUBE Y BAJA SENCILLO	1	7047	publish	SUBE Y BAJA SENCILLO	1	7047	publish	SUBE Y BAJA SENCILLO
SUB-00-01-01	all_three	1	7039	publish	SUBE Y BAJA DOBLE	1	7039	publish	SUBE Y BAJA DOBLE	1	7039	publish	SUBE Y BAJA DOBLE
SUB-00-01-02	all_three	1	7043	publish	SUBE Y BAJA TRIPLE	1	7043	publish	SUBE Y BAJA TRIPLE	1	7043	publish	SUBE Y BAJA TRIPLE
SUB-00-02-01	all_three	1	7060	publish	SUBE Y BAJA PULPO	1	7060	publish	SUBE Y BAJA PULPO	1	7060	publish	SUBE Y BAJA PULPO
SUB-00-02-02	all_three	1	7066	publish	SUBE Y BAJA PULPO TRIPLE	1	7066	publish	SUBE Y BAJA PULPO TRIPLE	1	7066	publish	SUBE Y BAJA PULPO TRIPLE
SUB-IN-02-00	all_three	1	22329	publish	SUBE Y BAJA PARA SILLA DE RUEDAS	1	22329	publish	SUBE Y BAJA PARA SILLA DE RUEDAS	1	22329	publish	SUBE Y BAJA PARA SILLA DE RUEDAS
SUB-MA-01-00	all_three	1	24871	publish	SUBE Y BAJA DE MADERA NATURAL	1	24871	publish	SUBE Y BAJA DE MADERA NATURAL	1	24871	publish	SUBE Y BAJA DE MADERA NATURAL
SUB-PL-01-00	all_three	1	7065	publish	SUBE Y BAJA BALLENA	1	7065	publish	SUBE Y BAJA BALLENA	1	7065	publish	SUBE Y BAJA BALLENA
SUB-PT-01-00	all_three	1	7427	publish	SUBE Y BAJA LUCENDI	1	7427	publish	SUBE Y BAJA LUCENDI	1	7427	publish	SUBE Y BAJA LUCENDI
TDF-00-01-00	production_only	0				0				1	32733	publish	Juego VIZCAYA (TDF-00-01-00)
TDF-CR-03-00	staging_only	0				1	6122	publish	Juego Sevilla compuesto plástico reforzado (TDF-104 9.0)	0			
TDF-CR-05-01	all_three	1	6154	private	Módulo Valladolid	1	6154	private	Juego Valladolid	1	6154	private	Juego Valladolid
TEC-AC-01-00	all_three	1	6712	publish	TECHO SOMBRA DE COLOR 12 ACRILICO	1	6712	publish	TECHO SOMBRA DE COLOR 12 ACRILICO	1	6712	publish	TECHO SOMBRA DE COLOR 12 ACRILICO
TEC-PT-02-00	all_three	1	6715	publish	TECHO SOLAR	1	6715	publish	TECHO SOLAR	1	6715	publish	TECHO SOLAR
TEM-IX-02-00	all_three	1	22313	publish	MODULO HEXAGON	1	22313	publish	Juego HEXAGON	1	22313	publish	Juego HEXAGON
TEM-IX-03-00	all_three	1	22315	publish	MODULO ATALAYA	1	22315	publish	Juego ATALAYA	1	22315	publish	Juego ATALAYA
TEM-PL-01-20	all_three	1	6884	publish	Módulo Nave Titán	1	6884	publish	Juego Nave Titán	1	6884	publish	Juego Nave Titán
TEM-PL-02-20	all_three	1	6872	publish	MODULO NAVE ORION	1	6872	publish	Juego NAVE ORION	1	6872	publish	Juego NAVE ORION
TEM-PL-03-00	all_three	1	6860	publish	Módulo Cohete Espacial	1	6860	publish	Juego Cohete Espacial	1	6860	publish	Juego Cohete Espacial
TEM-PL-07-00	all_three	1	7450	publish	MODULO MONSTRIKS	1	7450	publish	Juego MONSTRIKS	1	7450	publish	Juego MONSTRIKS
TEM-PL-09-20	all_three	1	6852	publish	MODULO ROBOTO	1	6852	publish	Juego ROBOTO	1	6852	publish	Juego ROBOTO
TEM-PL-15-20	all_three	1	28365	publish	Módulo temático jirafa	1	28365	publish	Juego temático jirafa	1	28365	publish	Juego temático jirafa
TEM-PL-16-20	all_three	1	28369	publish	Módulo temático Zebra	1	28369	publish	Juego temático Zebra	1	28369	publish	Juego temático Zebra
TEM-PM-01-00	all_three	1	7831	publish	TIPPIE	1	7831	publish	TIPPIE	1	7831	publish	TIPPIE
TEM-PR-03-20	all_three	1	6874	publish	MODULO BARCO	1	6874	publish	Juego BARCO	1	6874	publish	Juego BARCO
TEM-PR-04-20	all_three	1	6876	publish	MODULO NAVIO	1	6876	publish	Juego NAVIO	1	6876	publish	Juego NAVIO
TEM-PR-06-01	repository_staging_only	1	6868	publish	Módulo Imperio	1	6868	publish	Juego Imperio	0			
TEM-PR-07-00	all_three	1	7749	draft	Módulo Tren (TEM-PR-07-01)	1	7749	draft	Juego Tren (TEM-PR-07-01)	1	7749	draft	Juego Tren (TEM-PR-07-01)
TEM-PR-07-20	all_three	1	32329	publish	MODULO TREN	1	32197	publish	Juego TREN	1	32329	publish	Juego TREN
TEM-PR-09-00	all_three	1	7458	publish	MODULO HORMIGUERO	1	7458	publish	Juego HORMIGUERO	1	7458	publish	Juego HORMIGUERO
TER-PP-01-00	all_three	1	22413	publish	TERRAZA	1	22413	publish	TERRAZA	1	22413	publish	TERRAZA
TIR-00-01-00	all_three	1	32119	publish	TIROLESA	1	32138	publish	TIROLESA	1	32119	publish	TIROLESA
TRE-00-02-00	all_three	1	6928	publish	TREPADERO TRIPLEX	1	6928	publish	TREPADERO TRIPLEX	1	6928	publish	TREPADERO TRIPLEX
TRE-00-03-00	all_three	1	6930	publish	TREPADERO MEDIA ESFERA	1	6930	publish	TREPADERO MEDIA ESFERA	1	6930	publish	TREPADERO MEDIA ESFERA
TRE-CU-03-01	all_three	1	6916	publish	TREPADERO PIRAMIDE CHICA	1	6916	publish	TREPADERO PIRAMIDE CHICA	1	6916	publish	TREPADERO PIRAMIDE CHICA
TRE-CU-05-00	all_three	1	6918	publish	TREPADERO TRIKON	1	6918	publish	TREPADERO TRIKON	1	6918	publish	TREPADERO TRIKON
TRE-CU-07-00	all_three	1	7463	publish	TREPADERO VITEX	1	7463	publish	TREPADERO VITEX	1	7463	publish	TREPADERO VITEX
TRE-CU-09-00	all_three	1	7464	publish	TREPADERO SALIX	1	7464	publish	TREPADERO SALIX	1	7464	publish	TREPADERO SALIX
TRE-CU-12-00	all_three	1	28398	publish	CUBO DE RETOS BAJOS	1	28398	publish	CUBO DE RETOS BAJOS	1	28398	publish	CUBO DE RETOS BAJOS
TRE-PL-01-00	all_three	1	6920	publish	TREPADERO GEODESICO	1	6920	publish	TREPADERO GEODESICO	1	6920	publish	TREPADERO GEODESICO
TRE-TM-02-00	all_three	1	6934	publish	TREPADERO DINOSAURIO	1	6934	publish	TREPADERO DINOSAURIO	1	6934	publish	TREPADERO DINOSAURIO
TRE-TM-03-00	all_three	1	6942	publish	TREPADERO BALLENA	1	6942	publish	TREPADERO BALLENA	1	6942	publish	TREPADERO BALLENA
TRE-TM-05-00	all_three	1	6944	publish	TREPADERO TORTUGA	1	6944	publish	TREPADERO TORTUGA	1	6944	publish	TREPADERO TORTUGA
TUN-PT-01-00	all_three	1	7443	publish	TUNEL DE LUZ	1	7443	publish	TUNEL DE LUZ	1	7443	publish	TUNEL DE LUZ
VL-119	all_three	1	6674	private	Velaria Twist Malla Sombra 9.2 X 9.2 M	1	6674	private	Velaria Twist Malla Sombra 9.2 X 9.2 M	1	6674	private	Velaria Twist Malla Sombra 9.2 X 9.2 M
VL-119-1	all_three	1	6697	private	Velaria Twist Malla Sombra 6.2 X 6.2 M	1	6697	private	Velaria Twist Malla Sombra 6.2 X 6.2 M	1	6697	private	Velaria Twist Malla Sombra 6.2 X 6.2 M
VL-219	all_three	1	6691	private	Velaria Conica Malla Sombra 4 Puntos 9.2 X 9.2 M	1	6691	private	Velaria Conica Malla Sombra 4 Puntos 9.2 X 9.2 M	1	6691	private	Velaria Conica Malla Sombra 4 Puntos 9.2 X 9.2 M
VL-219-1	all_three	1	6699	private	Velaria Conica Malla Sombra 4 Puntos 6.2 X 6.2 M	1	6699	private	Velaria Conica Malla Sombra 4 Puntos 6.2 X 6.2 M	1	6699	private	Velaria Conica Malla Sombra 4 Puntos 6.2 X 6.2 M
VL-319	all_three	1	6693	private	Sombrilla Malla Sombra 4 Puntos 3 X 3 M	1	6693	private	Sombrilla Malla Sombra 4 Puntos 3 X 3 M	1	6693	private	Sombrilla Malla Sombra 4 Puntos 3 X 3 M
WH-BARCELONA-GR	all_three	1	31958	publish	MÓDULO BARCELONA	1	31958	publish	Juego BARCELONA	1	31958	publish	Juego BARCELONA
WH-BARCOP	all_three	1	31953	publish	MÓDULO BARCO PIRATA	1	31953	publish	Juego BARCO PIRATA	1	31953	publish	Juego BARCO PIRATA
WH-BRITANIA-G	all_three	1	31951	publish	MÓDULO BRITANIA GRIS	1	31951	publish	Juego BRITANIA GRIS	1	31951	publish	Juego BRITANIA GRIS
WH-IRE07	repository_production_only	1	32088	publish	Montable Surfboard	0				1	32088	publish	Montable Surfboard
WH-PARMA	all_three	1	31956	publish	MÓDULO PARMA	1	31956	publish	Juego PARMA	1	31956	publish	Juego PARMA
WH-TAN	repository_production_only	1	32083	publish	Módulo Tan	0				1	32083	publish	Juego Tan
ZHEJU-047A	all_three	1	31948	publish	MÓDULO 047A	1	31948	publish	Juego 047A	1	31948	publish	Juego 047A
ZHEJU-125A	all_three	1	31960	publish	MÓDULO 125A	1	31960	publish	Juego 125A	1	31960	publish	Juego 125A
